I1,R,DSB
Adams,Barnes,396.6628934
Adams,Benson,313.2500391
Adams,Billings,120.9666651
Adams,Bottineau,325.1553539
Adams,Bowman,68.7318997
Adams,Burke,298.4932122
Adams,Burleigh,183.2974247
Adams,Cass,415.3709928
Adams,Cavalier,433.1497483
Adams,Dickey,321.2419809
Adams,Divide,311.6376148
Adams,Dunn,137.6947121
Adams,Eddy,331.7962775
Adams,Emmons,175.6400016
Adams,Foster,315.5081459
Adams,GoldenValley,137.6775804
Adams,GrandForks,432.249718
Adams,Grant,76.61467343
Adams,Griggs,357.6950005
Adams,Hettinger,42.52706643
Adams,Kidder,232.0384008
Adams,LaMoure,325.7875537
Adams,Logan,197.5085478
Adams,McHenry,267.7836608
Adams,McIntosh,247.6450342
Adams,McKenzie,190.4783173
Adams,McLean,188.7212562
Adams,Mercer,131.5999186
Adams,Morton,148.4560509
Adams,Mountrail,234.9603085
Adams,Nelson,377.3338708
Adams,Oliver,146.1978293
Adams,Pembina,476.5501824
Adams,Pierce,287.7892626
Adams,Ramsey,372.7364912
Adams,Ransom,375.7080055
Adams,Renville,301.9269247
Adams,Richland,427.0607953
Adams,Rolette,354.858382
Adams,Sargent,375.5502424
Adams,Sheridan,216.2930729
Adams,Sioux,111.7693375
Adams,Slope,85.02436986
Adams,Stark,82.16657976
Adams,Steele,393.5146935
Adams,Stutsman,293.1672791
Adams,Towner,385.7811927
Adams,Traill,435.919939
Adams,Walsh,433.8462675
Adams,Ward,251.256623
Adams,Wells,269.0344171
Adams,Williams,263.6933139
Barnes,Benson,200.1876071
Barnes,Billings,442.9366952
Barnes,Bottineau,326.2826527
Barnes,Bowman,461.6267698
Barnes,Burke,429.3321816
Barnes,Burleigh,227.5018929
Barnes,Cass,20.03903538
Barnes,Cavalier,215.9197223
Barnes,Dickey,125.8945293
Barnes,Divide,493.833044
Barnes,Dunn,391.383861
Barnes,Eddy,138.0487926
Barnes,Emmons,235.0991161
Barnes,Foster,123.1703169
Barnes,GoldenValley,481.9340738
Barnes,GrandForks,109.7830668
Barnes,Grant,321.4698087
Barnes,Griggs,82.50437155
Barnes,Hettinger,382.7003961
Barnes,Kidder,181.0018673
Barnes,LaMoure,82.85730218
Barnes,Logan,199.5808806
Barnes,McHenry,289.1817117
Barnes,McIntosh,167.6977046
Barnes,McKenzie,457.3880663
Barnes,McLean,302.1401512
Barnes,Mercer,342.6223118
Barnes,Morton,254.8204933
Barnes,Mountrail,393.5167607
Barnes,Nelson,128.6098476
Barnes,Oliver,291.9223457
Barnes,Pembina,205.1027086
Barnes,Pierce,256.1772171
Barnes,Ramsey,172.8456055
Barnes,Ransom,52.96645808
Barnes,Renville,361.7502276
Barnes,Richland,83.77110381
Barnes,Rolette,270.066964
Barnes,Sargent,91.62529344
Barnes,Sheridan,226.5243388
Barnes,Sioux,289.7236379
Barnes,Slope,465.0193032
Barnes,Stark,396.4862886
Barnes,Steele,61.65558657
Barnes,Stutsman,103.9202112
Barnes,Towner,242.5163386
Barnes,Traill,68.90564303
Barnes,Walsh,161.4317668
Barnes,Ward,340.7949602
Barnes,Wells,187.7602314
Barnes,Williams,479.1114304
Benson,Billings,304.538848
Benson,Bottineau,126.1848344
Benson,Bowman,360.8434707
Benson,Burke,233.8689234
Benson,Burleigh,140.9663823
Benson,Cass,217.803569
Benson,Cavalier,119.9042959
Benson,Dickey,248.8303508
Benson,Divide,301.1502718
Benson,Dunn,243.3063425
Benson,Eddy,62.27709061
Benson,Emmons,233.4041563
Benson,Foster,81.39277817
Benson,GoldenValley,344.1236106
Benson,GrandForks,154.9761141
Benson,Grant,242.6699897
Benson,Griggs,118.2392484
Benson,Hettinger,280.9473081
Benson,Kidder,109.5608249
Benson,LaMoure,201.8875739
Benson,Logan,181.3452517
Benson,McHenry,96.41259851
Benson,McIntosh,218.8398584
Benson,McKenzie,293.0024086
Benson,McLean,144.4269981
Benson,Mercer,204.5873687
Benson,Morton,175.7399653
Benson,Mountrail,209.8074762
Benson,Nelson,91.92439283
Benson,Oliver,168.7281677
Benson,Pembina,166.4973031
Benson,Pierce,59.23793398
Benson,Ramsey,64.52645952
Benson,Ransom,227.284676
Benson,Renville,163.0333453
Benson,Richland,279.2481205
Benson,Rolette,79.89476804
Benson,Sargent,260.0287152
Benson,Sheridan,97.82711037
Benson,Sioux,245.978448
Benson,Slope,351.6140453
Benson,Stark,273.1665772
Benson,Steele,150.942749
Benson,Stutsman,165.7337638
Benson,Towner,81.59475234
Benson,Traill,187.4169114
Benson,Walsh,131.3202695
Benson,Ward,151.4630022
Benson,Wells,52.48838178
Benson,Williams,295.0927184
Billings,Bottineau,268.1485042
Billings,Bowman,98.79542701
Billings,Burke,202.6513424
Billings,Burleigh,215.6743003
Billings,Cass,462.8643816
Billings,Cavalier,418.1607824
Billings,Dickey,397.1121199
Billings,Divide,199.1724162
Billings,Dunn,62.18376654
Billings,Eddy,343.6630373
Billings,Emmons,260.8771476
Billings,Foster,337.039008
Billings,GoldenValley,40.03095067
Billings,GrandForks,449.2588735
Billings,Grant,148.3826467
Billings,Griggs,384.5925181
Billings,Hettinger,90.52249469
Billings,Kidder,262.3705962
Billings,LaMoure,386.8033675
Billings,Logan,260.4751955
Billings,McHenry,227.6429759
Billings,McIntosh,323.6593927
Billings,McKenzie,73.21972209
Billings,McLean,160.1167276
Billings,Mercer,102.9527924
Billings,Morton,193.0810622
Billings,Mountrail,148.2169927
Billings,Nelson,387.4960433
Billings,Oliver,151.4901181
Billings,Pembina,469.8148747
Billings,Pierce,259.69468
Billings,Ramsey,369.016778
Billings,Ransom,435.4485289
Billings,Renville,230.7791488
Billings,Richland,491.4343673
Billings,Rolette,318.5916988
Billings,Sargent,445.1690065
Billings,Sheridan,223.919099
Billings,Sioux,200.5880816
Billings,Slope,71.34328981
Billings,Stark,52.79549251
Billings,Steele,422.962815
Billings,Stutsman,346.9374863
Billings,Towner,359.5581099
Billings,Traill,465.9932744
Billings,Walsh,435.488818
Billings,Ward,188.8440991
Billings,Wells,275.7119548
Billings,Williams,149.1009889
Bottineau,Bowman,351.1694931
Bottineau,Burke,122.7194671
Bottineau,Burleigh,206.4907776
Bottineau,Cass,343.6360068
Bottineau,Cavalier,183.8144777
Bottineau,Dickey,365.4977448
Bottineau,Divide,191.4856082
Bottineau,Dunn,208.8724952
Bottineau,Eddy,188.2386464
Bottineau,Emmons,312.5541437
Bottineau,Foster,206.5139306
Bottineau,GoldenValley,302.3298531
Bottineau,GrandForks,267.7251707
Bottineau,Grant,273.824697
Bottineau,Griggs,244.0525862
Bottineau,Hettinger,284.3491057
Bottineau,Kidder,203.1753661
Bottineau,LaMoure,322.8607013
Bottineau,Logan,267.6168717
Bottineau,McHenry,64.72908829
Bottineau,McIntosh,321.597792
Bottineau,McKenzie,227.6683874
Bottineau,McLean,138.4156409
Bottineau,Mercer,194.1199883
Bottineau,Morton,229.6049067
Bottineau,Mountrail,129.4581454
Bottineau,Nelson,209.6591556
Bottineau,Oliver,189.3967091
Bottineau,Pembina,240.766939
Bottineau,Pierce,76.28368938
Bottineau,Ramsey,168.7501855
Bottineau,Ransom,352.3569804
Bottineau,Renville,49.32554557
Bottineau,Richland,405.2256342
Bottineau,Rolette,71.34375397
Bottineau,Sargent,383.4081077
Bottineau,Sheridan,160.0840039
Bottineau,Sioux,299.7185351
Bottineau,Slope,332.2730908
Bottineau,Stark,258.4893285
Bottineau,Steele,274.7713854
Bottineau,Stutsman,283.1213868
Bottineau,Towner,118.5361666
Bottineau,Traill,307.6021194
Bottineau,Walsh,227.0726311
Bottineau,Ward,79.38169537
Bottineau,Wells,155.0539377
Bottineau,Williams,200.7889605
Bowman,Burke,299.8842883
Bowman,Burleigh,241.5011686
Bowman,Cass,480.6718465
Bowman,Cavalier,479.8983889
Bowman,Dickey,389.8088251
Bowman,Divide,297.4296792
Bowman,Dunn,144.6187236
Bowman,Eddy,386.9989866
Bowman,Emmons,244.2971686
Bowman,Foster,373.4973203
Bowman,GoldenValley,94.22102404
Bowman,GrandForks,490.1153974
Bowman,Grant,140.224865
Bowman,Griggs,417.7339838
Bowman,Hettinger,81.74935428
Bowman,Kidder,291.0938627
Bowman,LaMoure,392.8847134
Bowman,Logan,263.7475999
Bowman,McHenry,300.9227195
Bowman,McIntosh,316.0292497
Bowman,McKenzie,171.172581
Bowman,McLean,223.8655694
Bowman,Mercer,161.2471271
Bowman,Morton,208.8712643
Bowman,Mountrail,241.7814579
Bowman,Nelson,432.5513669
Bowman,Oliver,192.5368304
Bowman,Pembina,526.8268897
Bowman,Pierce,326.8939515
Bowman,Ramsey,423.1041931
Bowman,Ransom,442.8576996
Bowman,Renville,319.7038694
Bowman,Richland,494.940708
Bowman,Rolette,391.5633061
Bowman,Sargent,443.8051732
Bowman,Sheridan,267.436673
Bowman,Sioux,180.2487726
Bowman,Slope,30.4531519
Bowman,Stark,92.93230853
Bowman,Steele,454.5642933
Bowman,Stutsman,358.8397167
Bowman,Towner,427.3751139
Bowman,Traill,497.4376168
Bowman,Walsh,486.7654649
Bowman,Ward,272.7577868
Bowman,Wells,321.3553132
Bowman,Williams,247.0731487
Burke,Burleigh,254.2814936
Burke,Cass,448.1391126
Burke,Cavalier,306.5325166
Burke,Dickey,442.4646679
Burke,Divide,68.99078211
Burke,Dunn,161.1420987
Burke,Eddy,294.7227337
Burke,Emmons,352.2889653
Burke,Foster,306.1675504
Burke,GoldenValley,225.7538475
Burke,GrandForks,385.2027281
Burke,Grant,274.8615601
Burke,Griggs,349.9603774
Burke,Hettinger,256.3262702
Burke,Kidder,273.5762179
Burke,LaMoure,408.6293233
Burke,Logan,320.2217206
Burke,McHenry,140.1635137
Burke,McIntosh,384.189018
Burke,McKenzie,138.9204066
Burke,McLean,157.6237922
Burke,Mercer,178.1302152
Burke,Morton,261.5018259
Burke,Mountrail,64.86352182
Burke,Nelson,324.1788714
Burke,Oliver,205.4048017
Burke,Pembina,363.483068
Burke,Pierce,174.8963228
Burke,Ramsey,286.7546911
Burke,Ransom,446.2384556
Burke,Renville,74.3181338
Burke,Richland,502.2740067
Burke,Rolette,193.9316357
Burke,Sargent,471.7781454
Burke,Sheridan,221.4723894
Burke,Sioux,317.2464583
Burke,Slope,273.9001096
Burke,Stark,217.7544484
Burke,Steele,384.5006712
Burke,Stutsman,365.8216212
Burke,Towner,241.2415482
Burke,Traill,421.1270495
Burke,Walsh,348.2503537
Burke,Ward,91.11486209
Burke,Wells,243.3698823
Burke,Williams,85.18952175
Burleigh,Cass,247.3610678
Burleigh,Cavalier,257.7782064
Burleigh,Dickey,195.2221035
Burleigh,Divide,304.9539234
Burleigh,Dunn,167.4677837
Burleigh,Eddy,148.8902703
Burleigh,Emmons,106.0993055
Burleigh,Foster,132.422264
Burleigh,GoldenValley,254.4655215
Burleigh,GrandForks,249.2361924
Burleigh,Grant,107.6321379
Burleigh,Griggs,176.281201
Burleigh,Hettinger,160.0293079
Burleigh,Kidder,49.62369893
Burleigh,LaMoure,174.2460144
Burleigh,Logan,66.01845805
Burleigh,McHenry,142.3608866
Burleigh,McIntosh,130.6000213
Burleigh,McKenzie,238.0349041
Burleigh,McLean,97.67213898
Burleigh,Mercer,117.9180585
Burleigh,Morton,36.02821315
Burleigh,Mountrail,198.9347103
Burleigh,Nelson,194.2727141
Burleigh,Oliver,66.58716365
Burleigh,Pembina,296.3341174
Burleigh,Pierce,139.7546797
Burleigh,Ramsey,193.7282793
Burleigh,Ransom,221.3385773
Burleigh,Renville,211.700639
Burleigh,Richland,278.1934823
Burleigh,Rolette,203.6222624
Burleigh,Sargent,235.6543724
Burleigh,Sheridan,48.45466953
Burleigh,Sioux,105.1077429
Burleigh,Slope,240.5776857
Burleigh,Stark,169.1919866
Burleigh,Steele,213.4435394
Burleigh,Stutsman,132.5671467
Burleigh,Towner,221.1555944
Burleigh,Traill,256.506609
Burleigh,Walsh,251.7545642
Burleigh,Ward,166.9154192
Burleigh,Wells,90.52992143
Burleigh,Williams,276.2844737
Cass,Cavalier,225.714342
Cass,Dickey,134.9822728
Cass,Divide,512.9694767
Cass,Dunn,411.4173047
Cass,Eddy,155.5304773
Cass,Emmons,251.875031
Cass,Foster,142.1466271
Cass,GoldenValley,501.8171563
Cass,GrandForks,114.9513652
Cass,Grant,340.4630203
Cass,Griggs,99.59914181
Cass,Hettinger,402.0374872
Cass,Kidder,201.0141993
Cass,LaMoure,97.08439079
Cass,Logan,218.0196116
Cass,McHenry,307.977742
Cass,McIntosh,182.9523871
Cass,McKenzie,477.4011938
Cass,McLean,322.0832085
Cass,Mercer,362.639242
Cass,Morton,274.3376809
Cass,Mountrail,413.0589814
Cass,Nelson,142.1953656
Cass,Oliver,311.9094469
Cass,Pembina,210.0825065
Cass,Pierce,274.4819663
Cass,Ramsey,186.8759473
Cass,Ransom,58.35246798
Cass,Renville,379.9846925
Cass,Richland,73.39467641
Cass,Rolette,285.8425526
Cass,Sargent,93.22351715
Cass,Sheridan,246.5129692
Cass,Sioux,307.7115406
Cass,Slope,484.4241692
Cass,Stark,416.2574559
Cass,Steele,73.46371618
Cass,Stutsman,122.2517963
Cass,Towner,256.3515351
Cass,Traill,68.60513598
Cass,Walsh,169.1279642
Cass,Ward,359.9642095
Cass,Wells,207.2066205
Cass,Williams,498.7366835
Cavalier,Dickey,312.1812662
Cavalier,Divide,375.2152675
Cavalier,Dunn,356.0643793
Cavalier,Eddy,122.5119291
Cavalier,Emmons,339.3085455
Cavalier,Foster,150.9688066
Cavalier,GoldenValley,456.9013537
Cavalier,GrandForks,115.5035996
Cavalier,Grant,362.0112181
Cavalier,Griggs,148.3386434
Cavalier,Hettinger,400.56196
Cavalier,Kidder,218.560116
Cavalier,LaMoure,259.1763666
Cavalier,Logan,286.7229654
Cavalier,McHenry,193.7289558
Cavalier,McIntosh,306.9945205
Cavalier,McKenzie,396.4523272
Cavalier,McLean,259.3901115
Cavalier,Mercer,321.4464394
Cavalier,Morton,293.4311226
Cavalier,Mountrail,303.3973316
Cavalier,Nelson,94.5663178
Cavalier,Oliver,288.3745422
Cavalier,Pembina,56.95557601
Cavalier,Pierce,158.7809949
Cavalier,Ramsey,66.69191201
Cavalier,Ransom,262.2138284
Cavalier,Renville,232.7366199
Cavalier,Richland,298.7189826
Cavalier,Rolette,112.8675997
Cavalier,Sargent,301.3053319
Cavalier,Sheridan,217.3366396
Cavalier,Sioux,361.4172999
Cavalier,Slope,469.3781147
Cavalier,Stark,390.7611159
Cavalier,Steele,154.3128996
Cavalier,Stutsman,237.9741266
Cavalier,Towner,65.40753629
Cavalier,Traill,165.3937086
Cavalier,Walsh,59.87975405
Cavalier,Ward,244.5064215
Cavalier,Wells,167.2606891
Cavalier,Williams,382.4601355
Dickey,Divide,498.0490876
Dickey,Dunn,358.2824722
Dickey,Eddy,199.7497024
Dickey,Emmons,145.6902754
Dickey,Foster,171.7886723
Dickey,GoldenValley,432.3380162
Dickey,GrandForks,226.0646779
Dickey,Grant,254.7386206
Dickey,Griggs,164.1763212
Dickey,Hettinger,319.7168168
Dickey,Kidder,169.0109898
Dickey,LaMoure,53.15326153
Dickey,Logan,137.3002856
Dickey,McHenry,311.306539
Dickey,McIntosh,74.34648754
Dickey,McKenzie,430.8690911
Dickey,McLean,290.9575858
Dickey,Mercer,309.4502883
Dickey,Morton,206.2587442
Dickey,Mountrail,392.0489197
Dickey,Nelson,217.6295957
Dickey,Oliver,259.6504877
Dickey,Pembina,316.84299
Dickey,Pierce,289.2171678
Dickey,Ramsey,253.0905041
Dickey,Ransom,77.09848582
Dickey,Renville,387.5024871
Dickey,Richland,111.3203146
Dickey,Rolette,328.5801065
Dickey,Sargent,57.20933854
Dickey,Sheridan,220.9971149
Dickey,Sioux,209.5635198
Dickey,Slope,400.5304111
Dickey,Stark,345.3599474
Dickey,Steele,170.9876972
Dickey,Stutsman,83.18256019
Dickey,Towner,317.0401833
Dickey,Traill,193.5207041
Dickey,Walsh,268.2648354
Dickey,Ward,351.6854621
Dickey,Wells,210.4460472
Dickey,Williams,471.3875005
Divide,Dunn,177.4913078
Divide,Eddy,361.139345
Divide,Emmons,395.4139024
Divide,Foster,370.8295118
Divide,GoldenValley,210.5077443
Divide,GrandForks,453.6020272
Divide,Grant,304.5621427
Divide,Griggs,415.7898054
Divide,Hettinger,271.9676813
Divide,Kidder,330.7845826
Divide,LaMoure,467.792463
Divide,Logan,369.6256578
Divide,McHenry,205.8463139
Divide,McIntosh,435.4745039
Divide,McKenzie,126.2571054
Divide,McLean,207.4990615
Divide,Mercer,209.7665022
Divide,Morton,305.7989696
Divide,Mountrail,106.1100427
Divide,Nelson,392.1303118
Divide,Oliver,247.9727867
Divide,Pembina,432.1428025
Divide,Pierce,241.9341231
Divide,Ramsey,355.4047906
Divide,Ransom,507.7120241
Divide,Renville,143.3088851
Divide,Richland,564.3933304
Divide,Rolette,262.7876025
Divide,Sargent,531.1306301
Divide,Sheridan,278.3980329
Divide,Sioux,352.172613
Divide,Slope,268.390171
Divide,Stark,229.6954394
Divide,Steele,451.1096103
Divide,Stutsman,424.6083366
Divide,Towner,310.0138838
Divide,Traill,488.5668787
Divide,Walsh,417.2201167
Divide,Ward,153.0432842
Divide,Wells,306.4639885
Divide,Williams,50.51618516
Dunn,Eddy,284.9913948
Dunn,Emmons,232.890874
Dunn,Foster,280.5192104
Dunn,GoldenValley,101.0071249
Dunn,GrandForks,390.4229182
Dunn,Grant,129.9053705
Dunn,Griggs,328.5395758
Dunn,Hettinger,96.07674747
Dunn,Kidder,210.5353
Dunn,LaMoure,341.6179454
Dunn,Logan,221.2527077
Dunn,McHenry,165.6399576
Dunn,McIntosh,287.2880409
Dunn,McKenzie,73.43918126
Dunn,McLean,99.08277293
Dunn,Mercer,49.55324834
Dunn,Morton,152.1963326
Dunn,Mountrail,98.95458956
Dunn,Nelson,328.0188716
Dunn,Oliver,100.8978597
Dunn,Pembina,408.0114796
Dunn,Pierce,197.5250176
Dunn,Ramsey,307.8325914
Dunn,Ransom,388.7381262
Dunn,Renville,175.164136
Dunn,Richland,445.6587783
Dunn,Rolette,256.7701461
Dunn,Sargent,402.3698011
Dunn,Sheridan,167.4300908
Dunn,Sioux,180.5974074
Dunn,Slope,123.581813
Dunn,Stark,56.68680683
Dunn,Steele,367.0013169
Dunn,Stutsman,300.0042124
Dunn,Towner,297.3998666
Dunn,Traill,409.7073423
Dunn,Walsh,374.5199037
Dunn,Ward,129.6058873
Dunn,Wells,217.2717358
Dunn,Williams,133.1381723
Eddy,Emmons,218.2124066
Eddy,Foster,29.18163846
Eddy,GoldenValley,383.6925535
Eddy,GrandForks,105.5958489
Eddy,Grant,256.5179271
Eddy,Griggs,55.96523138
Eddy,Hettinger,305.318249
Eddy,Kidder,102.7623824
Eddy,LaMoure,149.0719072
Eddy,Logan,166.0953042
Eddy,McHenry,155.3077066
Eddy,McIntosh,185.1589641
Eddy,McKenzie,342.0833452
Eddy,McLean,187.1204189
Eddy,Mercer,240.8762843
Eddy,Morton,184.6603956
Eddy,Mountrail,265.8137839
Eddy,Nelson,45.61132189
Eddy,Oliver,196.6092195
Eddy,Pembina,150.1712514
Eddy,Pierce,119.9375918
Eddy,Ramsey,56.66912287
Eddy,Ransom,168.0669543
Eddy,Renville,224.9549491
Eddy,Richland,218.1580666
Eddy,Rolette,134.8237902
Eddy,Sargent,202.9520284
Eddy,Sheridan,120.9985711
Eddy,Sioux,246.7573281
Eddy,Slope,382.2091588
Eddy,Stark,305.6792747
Eddy,Steele,89.98504932
Eddy,Stutsman,119.6370405
Eddy,Towner,117.332947
Eddy,Traill,129.1346272
Eddy,Walsh,103.3779278
Eddy,Ward,209.3431458
Eddy,Wells,67.95285401
Eddy,Williams,351.8221296
Emmons,Foster,192.1895507
Emmons,GoldenValley,293.1074841
Emmons,GrandForks,297.9019609
Emmons,Grant,113.2519144
Emmons,Griggs,220.0384394
Emmons,Hettinger,177.3491236
Emmons,Kidder,123.8945418
Emmons,LaMoure,156.5335208
Emmons,Logan,52.70579975
Emmons,McHenry,248.4489388
Emmons,McIntosh,73.03785987
Emmons,McKenzie,306.1027662
Emmons,McLean,195.2808407
Emmons,Mercer,188.6349445
Emmons,Morton,90.78774082
Emmons,Mountrail,291.9925081
Emmons,Nelson,257.914906
Emmons,Oliver,147.8361619
Emmons,Pembina,366.9568574
Emmons,Pierce,243.9715346
Emmons,Ramsey,272.624352
Emmons,Ransom,205.248512
Emmons,Renville,316.3427901
Emmons,Richland,253.3742794
Emmons,Rolette,304.6645005
Emmons,Sargent,200.7907447
Emmons,Sheridan,153.1787415
Emmons,Sioux,64.31587867
Emmons,Slope,256.2549675
Emmons,Stark,208.1021531
Emmons,Steele,248.7745626
Emmons,Stutsman,133.2113284
Emmons,Towner,314.9081993
Emmons,Traill,287.0575125
Emmons,Walsh,318.0161634
Emmons,Ward,269.2567682
Emmons,Wells,181.0581527
Emmons,Williams,359.6297219
Foster,GoldenValley,376.9703508
Foster,GrandForks,116.8140352
Foster,Grant,239.2964802
Foster,Griggs,48.1801602
Foster,Hettinger,291.8005362
Foster,Kidder,83.55650229
Foster,LaMoure,122.2130469
Foster,Logan,140.8516667
Foster,McHenry,166.0310703
Foster,McIntosh,156.1975764
Foster,McKenzie,341.6786314
Foster,McLean,185.3810999
Foster,Mercer,234.1823111
Foster,Morton,167.1361106
Foster,Mountrail,271.7110411
Foster,Nelson,66.0680783
Foster,Oliver,186.8837267
Foster,Pembina,174.7819308
Foster,Pierce,133.809182
Foster,Ramsey,85.70996317
Foster,Ransom,146.0026716
Foster,Renville,239.2790893
Foster,Richland,198.9503331
Foster,Rolette,158.9618104
Foster,Sargent,178.7824073
Foster,Sheridan,113.2652837
Foster,Sioux,224.9668166
Foster,Slope,370.8168672
Foster,Stark,295.9920117
Foster,Steele,86.57593745
Foster,Stutsman,90.74929285
Foster,Towner,145.4498849
Foster,Traill,129.1951264
Foster,Walsh,126.1741639
Foster,Ward,217.848309
Foster,Wells,66.21656651
Foster,Williams,357.6661121
GoldenValley,GrandForks,489.2883967
GoldenValley,Grant,179.855711
GoldenValley,Griggs,424.4559493
GoldenValley,Hettinger,117.0640944
GoldenValley,Kidder,301.7023913
GoldenValley,LaMoure,424.1677
GoldenValley,Logan,296.6158724
GoldenValley,McHenry,265.2299669
GoldenValley,McIntosh,358.3883463
GoldenValley,McKenzie,87.53038605
GoldenValley,McLean,199.7159196
GoldenValley,Mercer,142.9622634
GoldenValley,Morton,230.3589554
GoldenValley,Mountrail,177.6991553
GoldenValley,Nelson,427.4926244
GoldenValley,Oliver,191.0458376
GoldenValley,Pembina,509.0178063
GoldenValley,Pierce,298.2060656
GoldenValley,Ramsey,408.6340586
GoldenValley,Ransom,473.1586676
GoldenValley,Renville,262.3304209
GoldenValley,Richland,528.757174
GoldenValley,Rolette,355.6312797
GoldenValley,Sargent,481.6169571
GoldenValley,Sheridan,263.9010239
GoldenValley,Sioux,230.8420712
GoldenValley,Slope,63.8033238
GoldenValley,Stark,87.24658241
GoldenValley,Steele,462.800887
GoldenValley,Stutsman,384.9163304
GoldenValley,Towner,397.5051749
GoldenValley,Traill,505.859571
GoldenValley,Walsh,475.2014268
GoldenValley,Ward,223.600649
GoldenValley,Wells,315.7419612
GoldenValley,Williams,160.1685273
GrandForks,Grant,355.9192947
GrandForks,Griggs,77.97983094
GrandForks,Hettinger,408.3784141
GrandForks,Kidder,200.2134614
GrandForks,LaMoure,174.6200491
GrandForks,Logan,250.2736879
GrandForks,McHenry,251.1095152
GrandForks,McIntosh,245.0272217
GrandForks,McKenzie,445.8438075
GrandForks,McLean,292.1262662
GrandForks,Mercer,346.4561212
GrandForks,Morton,283.8137823
GrandForks,Mountrail,364.7814397
GrandForks,Nelson,63.43582952
GrandForks,Oliver,301.5251043
GrandForks,Pembina,95.42946275
GrandForks,Pierce,213.3756161
GrandForks,Ramsey,99.00384461
GrandForks,Ransom,161.4784293
GrandForks,Renville,311.8302045
GrandForks,Richland,188.1842478
GrandForks,Rolette,200.059293
GrandForks,Sargent,200.8857208
GrandForks,Sheridan,226.2103544
GrandForks,Sioux,338.6007696
GrandForks,Slope,486.6592822
GrandForks,Stark,410.766966
GrandForks,Steele,55.22391348
GrandForks,Stutsman,170.7251017
GrandForks,Towner,160.3797547
GrandForks,Traill,50.10237091
GrandForks,Walsh,56.0602943
GrandForks,Ward,306.2359584
GrandForks,Wells,173.547681
GrandForks,Williams,449.9220403
Grant,Griggs,281.0998329
Grant,Hettinger,64.9782758
Grant,Kidder,155.7470692
Grant,LaMoure,253.4050635
Grant,Logan,123.8758156
Grant,McHenry,211.5538104
Grant,McIntosh,180.3958798
Grant,McKenzie,200.2807446
Grant,McLean,135.9506188
Grant,Mercer,96.8756071
Grant,Morton,72.17325262
Grant,Mountrail,210.2397283
Grant,Nelson,301.8972036
Grant,Oliver,84.67075298
Grant,Pembina,403.104972
Grant,Pierce,224.9130644
Grant,Ramsey,299.7419816
Grant,Ransom,303.3502104
Grant,Renville,260.2037593
Grant,Richland,356.4945323
Grant,Rolette,292.4899741
Grant,Sargent,306.6263372
Grant,Sheridan,144.8434352
Grant,Sioux,52.48739534
Grant,Slope,146.5772247
Grant,Stark,95.65800847
Grant,Steele,316.91435
Grant,Stutsman,218.630477
Grant,Towner,318.8068403
Grant,Traill,359.3691471
Grant,Walsh,359.2266626
Grant,Ward,208.5596731
Grant,Wells,195.7590465
Grant,Williams,262.5885621
Griggs,Hettinger,336.3100156
Griggs,Kidder,126.6597118
Griggs,LaMoure,111.045971
Griggs,Logan,172.3662814
Griggs,McHenry,210.0541261
Griggs,McIntosh,170.1295457
Griggs,McKenzie,389.8192249
Griggs,McLean,233.5400524
Griggs,Mercer,281.8722495
Griggs,Morton,209.4936871
Griggs,Mountrail,318.3954857
Griggs,Nelson,53.92229273
Griggs,Oliver,233.8454958
Griggs,Pembina,155.8192929
Griggs,Pierce,175.513701
Griggs,Ramsey,94.28315578
Griggs,Ransom,118.0010708
Griggs,Renville,280.7890416
Griggs,Richland,164.2662179
Griggs,Rolette,187.9201131
Griggs,Sargent,155.5949351
Griggs,Sheridan,161.1543946
Griggs,Sioux,261.2333775
Griggs,Slope,416.3940617
Griggs,Stark,342.579966
Griggs,Steele,38.46193918
Griggs,Stutsman,96.23296414
Griggs,Towner,163.2386376
Griggs,Traill,81.40362273
Griggs,Walsh,106.0535873
Griggs,Ward,263.2725218
Griggs,Wells,113.9687279
Griggs,Williams,404.4574908
Hettinger,Kidder,209.6526112
Hettinger,LaMoure,317.2683958
Hettinger,Logan,187.7016852
Hettinger,McHenry,228.6175159
Hettinger,McIntosh,245.3735006
Hettinger,McKenzie,154.2382663
Hettinger,McLean,149.6849142
Hettinger,Mercer,90.25434478
Hettinger,Morton,128.3398287
Hettinger,Mountrail,192.5649662
Hettinger,Nelson,350.8911495
Hettinger,Oliver,112.2207537
Hettinger,Pembina,446.2787737
Hettinger,Pierce,250.935759
Hettinger,Ramsey,342.4084087
Hettinger,Ransom,367.1054929
Hettinger,Renville,259.8005695
Hettinger,Richland,420.8694374
Hettinger,Rolette,317.2665605
Hettinger,Sargent,371.4131659
Hettinger,Sheridan,186.2085822
Hettinger,Sioux,114.124663
Hettinger,Slope,82.55104148
Hettinger,Stark,42.93060446
Hettinger,Steele,373.3688093
Hettinger,Stutsman,281.0983963
Hettinger,Towner,350.3582368
Hettinger,Traill,416.3495637
Hettinger,Walsh,405.4954084
Hettinger,Ward,209.4229902
Hettinger,Wells,240.0129269
Hettinger,Williams,225.1091436
Kidder,LaMoure,137.5452874
Kidder,Logan,71.82799447
Kidder,McHenry,144.2564364
Kidder,McIntosh,118.4238831
Kidder,McKenzie,278.0727885
Kidder,McLean,126.4665613
Kidder,Mercer,161.6275441
Kidder,Morton,83.60469519
Kidder,Mountrail,225.4556132
Kidder,Nelson,147.2868804
Kidder,Oliver,111.0159102
Kidder,Pembina,252.4779034
Kidder,Pierce,128.539346
Kidder,Ramsey,152.5072539
Kidder,Ransom,180.9482498
Kidder,Renville,219.728038
Kidder,Richland,238.3177627
Kidder,Rolette,183.2655335
Kidder,Sargent,200.7696813
Kidder,Sheridan,52.4150561
Kidder,Sioux,144.2356334
Kidder,Slope,290.043636
Kidder,Stark,217.6095307
Kidder,Steele,163.8799286
Kidder,Stutsman,94.30049029
Kidder,Towner,191.0167541
Kidder,Traill,206.9825182
Kidder,Walsh,206.1316975
Kidder,Ward,182.6911548
Kidder,Wells,57.45356317
Kidder,Williams,307.881678
LaMoure,Logan,129.6042143
LaMoure,McHenry,272.8167978
LaMoure,McIntosh,86.0051753
LaMoure,McKenzie,412.1312276
LaMoure,McLean,263.8408729
LaMoure,Mercer,292.0705069
LaMoure,Morton,193.8328525
LaMoure,Mountrail,362.856665
LaMoure,Nelson,164.6100896
LaMoure,Oliver,240.8119098
LaMoure,Pembina,264.0946929
LaMoure,Pierce,247.0804698
LaMoure,Ramsey,200.9995647
LaMoure,Ransom,49.97450437
LaMoure,Renville,349.0158231
LaMoure,Richland,104.6315991
LaMoure,Rolette,280.8499842
LaMoure,Sargent,63.3382648
LaMoure,Sheridan,189.6124316
LaMoure,Sioux,215.4790959
LaMoure,Slope,399.6877993
LaMoure,Stark,337.0734351
LaMoure,Steele,119.3967394
LaMoure,Stutsman,43.25646581
LaMoure,Towner,266.2903494
LaMoure,Traill,146.1801641
LaMoure,Walsh,215.2867589
LaMoure,Ward,317.5378511
LaMoure,Wells,168.9669222
LaMoure,Williams,445.3650485
Logan,McHenry,204.9184044
Logan,McIntosh,66.73468819
Logan,McKenzie,294.1766146
Logan,McLean,163.1350206
Logan,Mercer,172.8355295
Logan,Morton,69.06382763
Logan,Mountrail,263.9111226
Logan,Nelson,206.8730607
Logan,Oliver,124.3960589
Logan,Pembina,315.5170655
Logan,Pierce,196.0762997
Logan,Ramsey,220.0583125
Logan,Ransom,179.5109922
Logan,Renville,276.6247664
Logan,Richland,233.2942019
Logan,Rolette,254.3198302
Logan,Sargent,185.0138199
Logan,Sheridan,107.705777
Logan,Sioux,90.93511553
Logan,Slope,270.0863937
Logan,Stark,209.37838
Logan,Steele,203.9597535
Logan,Stutsman,95.76877135
Logan,Towner,262.6871641
Logan,Traill,244.3628525
Logan,Walsh,267.0082289
Logan,Ward,232.8145722
Logan,Wells,129.2622426
Logan,Williams,338.7453658
McHenry,McIntosh,261.8169326
McHenry,McKenzie,202.9974248
McHenry,McLean,79.07983246
McHenry,Mercer,140.0007599
McHenry,Morton,164.8847868
McHenry,Mountrail,114.1142357
McHenry,Nelson,188.3020753
McHenry,Oliver,126.890795
McHenry,Pembina,248.3168174
McHenry,Pierce,37.9494415
McHenry,Ramsey,156.0912773
McHenry,Ransom,307.6906632
McHenry,Renville,76.31731453
McHenry,Richland,363.0802891
McHenry,Rolette,91.35261693
McHenry,Sargent,335.2575234
McHenry,Sheridan,97.28295684
McHenry,Sioux,235.2704033
McHenry,Slope,285.4210984
McHenry,Stark,208.2523721
McHenry,Steele,245.289977
McHenry,Stutsman,231.0318825
McHenry,Towner,132.3852123
McHenry,Traill,283.3113757
McHenry,Walsh,222.0004815
McHenry,Ward,55.1273944
McHenry,Wells,104.5779018
McHenry,Williams,198.8135703
McIntosh,McKenzie,360.4434547
McIntosh,McLean,228.2671863
McIntosh,Mercer,239.2722014
McIntosh,Morton,135.2645981
McIntosh,Mountrail,329.5122996
McIntosh,Nelson,216.7993041
McIntosh,Oliver,191.1301186
McIntosh,Pembina,324.8266917
McIntosh,Pierce,246.705858
McIntosh,Ramsey,241.8266761
McIntosh,Ransom,133.1781856
McIntosh,Renville,336.1778929
McIntosh,Richland,180.3383298
McIntosh,Rolette,297.2766557
McIntosh,Sargent,127.9812165
McIntosh,Sheridan,165.7022172
McIntosh,Sioux,135.8780197
McIntosh,Slope,326.2533765
McIntosh,Stark,271.6041923
McIntosh,Steele,191.8907335
McIntosh,Stutsman,74.33487102
McIntosh,Towner,296.3220898
McIntosh,Traill,225.916055
McIntosh,Walsh,274.8769448
McIntosh,Ward,295.1850234
McIntosh,Wells,171.2797486
McIntosh,Williams,405.3656687
McKenzie,McLean,156.3177263
McKenzie,Mercer,121.4241057
McKenzie,Morton,225.2092002
McKenzie,Mountrail,98.38291717
McKenzie,Nelson,382.4994693
McKenzie,Oliver,171.7753491
McKenzie,Pembina,451.3142394
McKenzie,Pierce,239.6448661
McKenzie,Ramsey,356.472595
McKenzie,Ransom,458.2534912
McKenzie,Renville,183.2752335
McKenzie,Richland,515.4686851
McKenzie,Rolette,288.4624648
McKenzie,Sargent,473.6604538
McKenzie,Sheridan,230.9727499
McKenzie,Sioux,252.094131
McKenzie,Slope,142.2606351
McKenzie,Stark,111.4226369
McKenzie,Steele,428.0433327
McKenzie,Stutsman,369.8745619
McKenzie,Towner,333.5115246
McKenzie,Traill,469.9015963
McKenzie,Walsh,423.2631343
McKenzie,Ward,153.1121023
McKenzie,Wells,276.1751433
McKenzie,Williams,75.96318308
McLean,Mercer,62.80111689
McLean,Morton,104.7607904
McLean,Mountrail,101.3951722
McLean,Nelson,229.3573572
McLean,Oliver,53.04012789
McLean,Pembina,309.976187
McLean,Pierce,103.1672417
McLean,Ramsey,208.9233663
McLean,Ransom,307.1448955
McLean,Renville,126.1021364
McLean,Richland,364.4952826
McLean,Rolette,168.0232204
McLean,Sargent,326.8869383
McLean,Sheridan,75.946996
McLean,Sioux,167.4870955
McLean,Slope,210.6907884
McLean,Stark,132.2866657
McLean,Steele,271.8197066
McLean,Stutsman,220.6591031
McLean,Towner,203.9016963
McLean,Traill,313.8923008
McLean,Walsh,275.5053126
McLean,Ward,75.6406502
McLean,Wells,120.1960683
McLean,Williams,181.5537391
Mercer,Morton,104.0229509
Mercer,Mountrail,113.4024325
Mercer,Nelson,285.0153242
Mercer,Oliver,51.36745359
Mercer,Pembina,370.9618824
Mercer,Pierce,165.9682788
Mercer,Ramsey,268.6221958
Mercer,Ransom,339.2131381
Mercer,Renville,170.8572316
Mercer,Richland,396.1112406
Mercer,Rolette,230.3302198
Mercer,Sargent,352.926904
Mercer,Sheridan,120.9881103
Mercer,Sioux,142.4405691
Mercer,Slope,148.0603527
Mercer,Stark,69.52956824
Mercer,Steele,320.2894928
Mercer,Stutsman,250.466309
Mercer,Towner,266.6922323
Mercer,Traill,363.2469694
Mercer,Walsh,334.4835253
Mercer,Ward,119.7805959
Mercer,Wells,172.9325115
Mercer,Williams,171.232633
Morton,Mountrail,201.5406423
Morton,Nelson,229.9110303
Morton,Oliver,57.86154301
Morton,Pembina,332.3622439
Morton,Pierce,168.4948458
Morton,Ramsey,229.679972
Morton,Ransom,242.8334027
Morton,Renville,228.0381823
Morton,Richland,298.4507889
Morton,Rolette,234.4186908
Morton,Sargent,252.30103
Morton,Sheridan,79.7052368
Morton,Sioux,72.3741583
Morton,Slope,210.3125638
Morton,Stark,143.3859781
Morton,Steele,245.8618194
Morton,Stutsman,154.9128724
Morton,Towner,254.9441873
Morton,Traill,288.6291919
Morton,Walsh,287.6812742
Morton,Ward,179.5356012
Morton,Wells,126.1968018
Morton,Williams,272.1867096
Mountrail,Nelson,301.6472134
Mountrail,Oliver,144.1779246
Mountrail,Pembina,359.4102389
Mountrail,Pierce,152.0627832
Mountrail,Ramsey,270.1664831
Mountrail,Ransom,404.0787907
Mountrail,Renville,85.28190416
Mountrail,Richland,461.1271353
Mountrail,Rolette,192.7618365
Mountrail,Sargent,426.1592652
Mountrail,Sheridan,173.2445372
Mountrail,Sioux,253.7027921
Mountrail,Slope,217.8882129
Mountrail,Stark,155.5063756
Mountrail,Steele,355.2277095
Mountrail,Stutsman,319.6071862
Mountrail,Towner,239.0517633
Mountrail,Traill,394.882627
Mountrail,Walsh,335.7592272
Mountrail,Ward,59.51408202
Mountrail,Wells,205.8938876
Mountrail,Williams,86.07597378
Nelson,Oliver,241.7601947
Nelson,Pembina,109.2455334
Nelson,Pierce,150.8118687
Nelson,Ramsey,44.76190444
Nelson,Ransom,170.3141545
Nelson,Renville,251.6373153
Nelson,Richland,212.3425164
Nelson,Rolette,146.0197043
Nelson,Sargent,208.6873936
Nelson,Sheridan,166.0632169
Nelson,Sioux,290.4694068
Nelson,Slope,427.465715
Nelson,Stark,350.6148452
Nelson,Steele,68.94203723
Nelson,Stutsman,145.2230016
Nelson,Towner,114.1648497
Nelson,Traill,97.9444223
Nelson,Walsh,60.14138604
Nelson,Ward,243.3814485
Nelson,Wells,112.4071244
Nelson,Williams,387.0163479
Oliver,Pembina,334.3252329
Oliver,Pierce,142.2665799
Oliver,Ramsey,230.5679536
Oliver,Ransom,287.8469261
Oliver,Renville,179.1190475
Oliver,Richland,344.7644391
Oliver,Rolette,209.7570025
Oliver,Sargent,301.948222
Oliver,Sheridan,75.70115047
Oliver,Sioux,114.6729582
Oliver,Slope,185.7341886
Oliver,Stark,109.2693472
Oliver,Steele,272.0601748
Oliver,Stutsman,199.106441
Oliver,Towner,239.5846514
Oliver,Traill,315.198954
Oliver,Walsh,294.5333447
Oliver,Ward,128.3247687
Oliver,Wells,129.5795839
Oliver,Williams,214.6872763
Pembina,Pierce,212.1814133
Pembina,Ramsey,103.9152074
Pembina,Ransom,256.2129836
Pembina,Renville,289.684386
Pembina,Richland,282.9925452
Pembina,Rolette,169.7925677
Pembina,Sargent,295.7567235
Pembina,Sheridan,260.4868583
Pembina,Sioux,396.7003222
Pembina,Slope,518.1011537
Pembina,Stark,439.6633372
Pembina,Steele,147.3360858
Pembina,Stutsman,251.7358787
Pembina,Towner,122.340544
Pembina,Traill,142.8744272
Pembina,Walsh,49.95615323
Pembina,Ward,300.2427726
Pembina,Wells,207.5710294
Pembina,Williams,439.1754512
Pierce,Ramsey,118.1867443
Pierce,Ransom,278.4146266
Pierce,Renville,105.5808836
Pierce,Richland,332.5611432
Pierce,Rolette,67.60427889
Pierce,Sargent,308.240249
Pierce,Sheridan,91.35324337
Pierce,Sioux,240.7941907
Pierce,Slope,313.7169741
Pierce,Stark,235.4292554
Pierce,Steele,209.6077584
Pierce,Stutsman,206.9385683
Pierce,Towner,100.7897341
Pierce,Traill,246.6389135
Pierce,Walsh,184.3031853
Pierce,Ward,92.98218876
Pierce,Wells,78.78126793
Pierce,Williams,236.6224989
Ramsey,Ransom,212.2704091
Ramsey,Renville,213.0643173
Ramsey,Richland,256.4137055
Ramsey,Rolette,102.3849069
Ramsey,Sargent,249.7400435
Ramsey,Sheridan,156.5817246
Ramsey,Sioux,296.1385143
Ramsey,Slope,414.9773028
Ramsey,Stark,336.7512666
Ramsey,Steele,113.7016482
Ramsey,Stutsman,175.1585005
Ramsey,Towner,69.67250942
Ramsey,Traill,140.5105924
Ramsey,Walsh,66.93460727
Ramsey,Ward,210.8525134
Ramsey,Wells,103.9866331
Ramsey,Williams,354.0932422
Ransom,Renville,382.9441953
Ransom,Richland,57.37037333
Ransom,Rolette,302.8907365
Ransom,Sargent,39.58555611
Ransom,Sheridan,231.628863
Ransom,Sioux,265.1715005
Ransom,Slope,449.5635085
Ransom,Stark,386.2103819
Ransom,Steele,109.5713083
Ransom,Stutsman,88.78486423
Ransom,Towner,281.1267531
Ransom,Traill,121.8035833
Ransom,Walsh,210.7201016
Ransom,Ward,355.6625504
Ransom,Wells,203.1881648
Ransom,Williams,487.9940011
Renville,Richland,437.713326
Renville,Rolette,119.9207765
Renville,Sargent,411.2755816
Renville,Sheridan,170.5090353
Renville,Sioux,293.5284592
Renville,Slope,298.2221271
Renville,Stark,228.8016647
Renville,Steele,313.9337016
Renville,Stutsman,307.3394732
Renville,Towner,167.3473276
Renville,Traill,349.1839436
Renville,Walsh,273.97012
Renville,Ward,51.71381026
Renville,Wells,180.3600652
Renville,Williams,151.6114722
Richland,Rolette,352.0970359
Richland,Sargent,54.13206193
Richland,Sheridan,288.9190609
Richland,Sioux,315.5712134
Richland,Slope,503.05086
Richland,Stark,441.6230377
Richland,Steele,145.0487701
Richland,Stutsman,145.6871134
Richland,Towner,326.0760803
Richland,Traill,140.4097442
Richland,Walsh,242.5139707
Richland,Ward,412.0007071
Richland,Wells,258.9214535
Richland,Williams,545.2384008
Rolette,Sargent,337.3558474
Rolette,Sheridan,155.4456825
Rolette,Sioux,306.7806095
Rolette,Slope,376.6761821
Rolette,Stark,299.1871818
Rolette,Steele,214.0198059
Rolette,Stutsman,245.5594381
Rolette,Towner,47.46029075
Rolette,Traill,242.8933398
Rolette,Walsh,156.4805224
Rolette,Ward,135.3503741
Rolette,Wells,126.6102468
Rolette,Williams,269.8639457
Sargent,Sheridan,252.9213981
Sargent,Sioux,263.8103547
Sargent,Slope,453.1089403
Sargent,Stark,394.3725441
Sargent,Steele,149.1381035
Sargent,Stutsman,106.558309
Sargent,Towner,317.9498817
Sargent,Traill,159.8218698
Sargent,Walsh,250.2796732
Sargent,Ward,380.7179886
Sargent,Wells,230.931978
Sargent,Williams,508.4402383
Sheridan,Sioux,151.7522764
Sheridan,Slope,261.4295615
Sheridan,Stark,184.6815571
Sheridan,Steele,199.613519
Sheridan,Stutsman,146.3651517
Sheridan,Towner,175.4835941
Sheridan,Traill,242.4323127
Sheridan,Walsh,219.3352129
Sheridan,Ward,130.86664
Sheridan,Wells,53.96926045
Sheridan,Williams,256.3918059
Sioux,Slope,191.9877991
Sioux,Stark,147.9837713
Sioux,Steele,294.218033
Sioux,Stutsman,185.8303691
Sioux,Towner,326.2332295
Sioux,Traill,335.0941642
Sioux,Walsh,349.9536859
Sioux,Ward,242.9820206
Sioux,Wells,194.8048897
Sioux,Williams,312.1020336
Slope,Stark,78.61726487
Slope,Steele,453.9093814
Slope,Stutsman,363.641168
Slope,Towner,414.5061828
Slope,Traill,497.0258942
Slope,Walsh,479.8577031
Slope,Ward,253.130978
Slope,Wells,315.3028111
Slope,Williams,217.923752
Stark,Steele,380.5967686
Stark,Stutsman,298.2071974
Stark,Towner,336.1868449
Stark,Traill,423.7787322
Stark,Walsh,401.9942562
Stark,Ward,180.5736728
Stark,Wells,238.2234384
Stark,Williams,182.3686047
Steele,Stutsman,118.0921585
Steele,Towner,182.9933658
Steele,Traill,43.18386941
Steele,Walsh,101.150247
Steele,Ward,299.2473327
Steele,Wells,151.9645972
Steele,Williams,441.2981367
Stutsman,Towner,236.0228765
Stutsman,Traill,154.2755463
Stutsman,Walsh,201.8129292
Stutsman,Ward,274.7076784
Stutsman,Wells,128.2411378
Stutsman,Williams,402.1553345
Towner,Traill,206.4462265
Towner,Walsh,112.2679257
Towner,Ward,180.7237831
Towner,Wells,134.0815058
Towner,Williams,317.1943627
Traill,Walsh,106.1570927
Traill,Ward,337.9162418
Traill,Wells,193.7475742
Traill,Williams,480.8383478
Walsh,Ward,276.2738027
Walsh,Wells,165.4854439
Walsh,Williams,418.7387881
Ward,Wells,153.5109624
Ward,Williams,143.6863518
Wells,Williams,291.7156272
