R,K,DBD
Adams,Adams,0
Adams,Barnes,396.6628934
Adams,Benson,313.2500391
Adams,Billings,120.9666651
Adams,Bottineau,325.1553539
Adams,Bowman,68.7318997
Adams,Burke,298.4932122
Adams,Burleigh,183.2974247
Adams,Cass,415.3709928
Adams,Cavalier,433.1497483
Adams,Dickey,321.2419809
Adams,Divide,311.6376148
Adams,Dunn,137.6947121
Adams,Eddy,331.7962775
Adams,Emmons,175.6400016
Adams,Foster,315.5081459
Adams,GoldenValley,137.6775804
Adams,GrandForks,432.249718
Adams,Grant,76.61467343
Adams,Griggs,357.6950005
Adams,Hettinger,42.52706643
Adams,Kidder,232.0384008
Adams,LaMoure,325.7875537
Adams,Logan,197.5085478
Adams,McHenry,267.7836608
Adams,McIntosh,247.6450342
Adams,McKenzie,190.4783173
Adams,McLean,188.7212562
Adams,Mercer,131.5999186
Adams,Mortonne,148.4560509
Adams,Mountrail,234.9603085
Adams,Nelson,377.3338708
Adams,Oliver,146.1978293
Adams,Pembina,476.5501824
Adams,Pierce,287.7892626
Adams,Ramsey,372.7364912
Adams,Ransom,375.7080055
Adams,Renville,301.9269247
Adams,Richland,427.0607953
Adams,Rolette,354.858382
Adams,Sargent,375.5502424
Adams,Sheridan,216.2930729
Adams,Sioux,111.7693375
Adams,Slope,85.02436986
Adams,Stark,82.16657976
Adams,Steele,393.5146935
Adams,Stutsman,293.1672791
Adams,Towner,385.7811927
Adams,Traill,435.919939
Adams,Walsh,433.8462675
Adams,Ward,251.256623
Adams,Wells,269.0344171
Adams,Williams,263.6933139
Barnes,Adams,396.6628934
Barnes,Barnes,0
Barnes,Benson,200.1876071
Barnes,Billings,442.9366952
Barnes,Bottineau,326.2826527
Barnes,Bowman,461.6267698
Barnes,Burke,429.3321816
Barnes,Burleigh,227.5018929
Barnes,Cass,20.03903538
Barnes,Cavalier,215.9197223
Barnes,Dickey,125.8945293
Barnes,Divide,493.833044
Barnes,Dunn,391.383861
Barnes,Eddy,138.0487926
Barnes,Emmons,235.0991161
Barnes,Foster,123.1703169
Barnes,GoldenValley,481.9340738
Barnes,GrandForks,109.7830668
Barnes,Grant,321.4698087
Barnes,Griggs,82.50437155
Barnes,Hettinger,382.7003961
Barnes,Kidder,181.0018673
Barnes,LaMoure,82.85730218
Barnes,Logan,199.5808806
Barnes,McHenry,289.1817117
Barnes,McIntosh,167.6977046
Barnes,McKenzie,457.3880663
Barnes,McLean,302.1401512
Barnes,Mercer,342.6223118
Barnes,Mortonne,254.8204933
Barnes,Mountrail,393.5167607
Barnes,Nelson,128.6098476
Barnes,Oliver,291.9223457
Barnes,Pembina,205.1027086
Barnes,Pierce,256.1772171
Barnes,Ramsey,172.8456055
Barnes,Ransom,52.96645808
Barnes,Renville,361.7502276
Barnes,Richland,83.77110381
Barnes,Rolette,270.066964
Barnes,Sargent,91.62529344
Barnes,Sheridan,226.5243388
Barnes,Sioux,289.7236379
Barnes,Slope,465.0193032
Barnes,Stark,396.4862886
Barnes,Steele,61.65558657
Barnes,Stutsman,103.9202112
Barnes,Towner,242.5163386
Barnes,Traill,68.90564303
Barnes,Walsh,161.4317668
Barnes,Ward,340.7949602
Barnes,Wells,187.7602314
Barnes,Williams,479.1114304
Benson,Adams,313.2500391
Benson,Barnes,200.1876071
Benson,Benson,0
Benson,Billings,304.538848
Benson,Bottineau,126.1848344
Benson,Bowman,360.8434707
Benson,Burke,233.8689234
Benson,Burleigh,140.9663823
Benson,Cass,217.803569
Benson,Cavalier,119.9042959
Benson,Dickey,248.8303508
Benson,Divide,301.1502718
Benson,Dunn,243.3063425
Benson,Eddy,62.27709061
Benson,Emmons,233.4041563
Benson,Foster,81.39277817
Benson,GoldenValley,344.1236106
Benson,GrandForks,154.9761141
Benson,Grant,242.6699897
Benson,Griggs,118.2392484
Benson,Hettinger,280.9473081
Benson,Kidder,109.5608249
Benson,LaMoure,201.8875739
Benson,Logan,181.3452517
Benson,McHenry,96.41259851
Benson,McIntosh,218.8398584
Benson,McKenzie,293.0024086
Benson,McLean,144.4269981
Benson,Mercer,204.5873687
Benson,Mortonne,175.7399653
Benson,Mountrail,209.8074762
Benson,Nelson,91.92439283
Benson,Oliver,168.7281677
Benson,Pembina,166.4973031
Benson,Pierce,59.23793398
Benson,Ramsey,64.52645952
Benson,Ransom,227.284676
Benson,Renville,163.0333453
Benson,Richland,279.2481205
Benson,Rolette,79.89476804
Benson,Sargent,260.0287152
Benson,Sheridan,97.82711037
Benson,Sioux,245.978448
Benson,Slope,351.6140453
Benson,Stark,273.1665772
Benson,Steele,150.942749
Benson,Stutsman,165.7337638
Benson,Towner,81.59475234
Benson,Traill,187.4169114
Benson,Walsh,131.3202695
Benson,Ward,151.4630022
Benson,Wells,52.48838178
Benson,Williams,295.0927184
Billings,Adams,120.9666651
Billings,Barnes,442.9366952
Billings,Benson,304.538848
Billings,Billings,0
Billings,Bottineau,268.1485042
Billings,Bowman,98.79542701
Billings,Burke,202.6513424
Billings,Burleigh,215.6743003
Billings,Cass,462.8643816
Billings,Cavalier,418.1607824
Billings,Dickey,397.1121199
Billings,Divide,199.1724162
Billings,Dunn,62.18376654
Billings,Eddy,343.6630373
Billings,Emmons,260.8771476
Billings,Foster,337.039008
Billings,GoldenValley,40.03095067
Billings,GrandForks,449.2588735
Billings,Grant,148.3826467
Billings,Griggs,384.5925181
Billings,Hettinger,90.52249469
Billings,Kidder,262.3705962
Billings,LaMoure,386.8033675
Billings,Logan,260.4751955
Billings,McHenry,227.6429759
Billings,McIntosh,323.6593927
Billings,McKenzie,73.21972209
Billings,McLean,160.1167276
Billings,Mercer,102.9527924
Billings,Mortonne,193.0810622
Billings,Mountrail,148.2169927
Billings,Nelson,387.4960433
Billings,Oliver,151.4901181
Billings,Pembina,469.8148747
Billings,Pierce,259.69468
Billings,Ramsey,369.016778
Billings,Ransom,435.4485289
Billings,Renville,230.7791488
Billings,Richland,491.4343673
Billings,Rolette,318.5916988
Billings,Sargent,445.1690065
Billings,Sheridan,223.919099
Billings,Sioux,200.5880816
Billings,Slope,71.34328981
Billings,Stark,52.79549251
Billings,Steele,422.962815
Billings,Stutsman,346.9374863
Billings,Towner,359.5581099
Billings,Traill,465.9932744
Billings,Walsh,435.488818
Billings,Ward,188.8440991
Billings,Wells,275.7119548
Billings,Williams,149.1009889
Bottineau,Adams,325.1553539
Bottineau,Barnes,326.2826527
Bottineau,Benson,126.1848344
Bottineau,Billings,268.1485042
Bottineau,Bottineau,0
Bottineau,Bowman,351.1694931
Bottineau,Burke,122.7194671
Bottineau,Burleigh,206.4907776
Bottineau,Cass,343.6360068
Bottineau,Cavalier,183.8144777
Bottineau,Dickey,365.4977448
Bottineau,Divide,191.4856082
Bottineau,Dunn,208.8724952
Bottineau,Eddy,188.2386464
Bottineau,Emmons,312.5541437
Bottineau,Foster,206.5139306
Bottineau,GoldenValley,302.3298531
Bottineau,GrandForks,267.7251707
Bottineau,Grant,273.824697
Bottineau,Griggs,244.0525862
Bottineau,Hettinger,284.3491057
Bottineau,Kidder,203.1753661
Bottineau,LaMoure,322.8607013
Bottineau,Logan,267.6168717
Bottineau,McHenry,64.72908829
Bottineau,McIntosh,321.597792
Bottineau,McKenzie,227.6683874
Bottineau,McLean,138.4156409
Bottineau,Mercer,194.1199883
Bottineau,Mortonne,229.6049067
Bottineau,Mountrail,129.4581454
Bottineau,Nelson,209.6591556
Bottineau,Oliver,189.3967091
Bottineau,Pembina,240.766939
Bottineau,Pierce,76.28368938
Bottineau,Ramsey,168.7501855
Bottineau,Ransom,352.3569804
Bottineau,Renville,49.32554557
Bottineau,Richland,405.2256342
Bottineau,Rolette,71.34375397
Bottineau,Sargent,383.4081077
Bottineau,Sheridan,160.0840039
Bottineau,Sioux,299.7185351
Bottineau,Slope,332.2730908
Bottineau,Stark,258.4893285
Bottineau,Steele,274.7713854
Bottineau,Stutsman,283.1213868
Bottineau,Towner,118.5361666
Bottineau,Traill,307.6021194
Bottineau,Walsh,227.0726311
Bottineau,Ward,79.38169537
Bottineau,Wells,155.0539377
Bottineau,Williams,200.7889605
Bowman,Adams,68.7318997
Bowman,Barnes,461.6267698
Bowman,Benson,360.8434707
Bowman,Billings,98.79542701
Bowman,Bottineau,351.1694931
Bowman,Bowman,0
Bowman,Burke,299.8842883
Bowman,Burleigh,241.5011686
Bowman,Cass,480.6718465
Bowman,Cavalier,479.8983889
Bowman,Dickey,389.8088251
Bowman,Divide,297.4296792
Bowman,Dunn,144.6187236
Bowman,Eddy,386.9989866
Bowman,Emmons,244.2971686
Bowman,Foster,373.4973203
Bowman,GoldenValley,94.22102404
Bowman,GrandForks,490.1153974
Bowman,Grant,140.224865
Bowman,Griggs,417.7339838
Bowman,Hettinger,81.74935428
Bowman,Kidder,291.0938627
Bowman,LaMoure,392.8847134
Bowman,Logan,263.7475999
Bowman,McHenry,300.9227195
Bowman,McIntosh,316.0292497
Bowman,McKenzie,171.172581
Bowman,McLean,223.8655694
Bowman,Mercer,161.2471271
Bowman,Mortonne,208.8712643
Bowman,Mountrail,241.7814579
Bowman,Nelson,432.5513669
Bowman,Oliver,192.5368304
Bowman,Pembina,526.8268897
Bowman,Pierce,326.8939515
Bowman,Ramsey,423.1041931
Bowman,Ransom,442.8576996
Bowman,Renville,319.7038694
Bowman,Richland,494.940708
Bowman,Rolette,391.5633061
Bowman,Sargent,443.8051732
Bowman,Sheridan,267.436673
Bowman,Sioux,180.2487726
Bowman,Slope,30.4531519
Bowman,Stark,92.93230853
Bowman,Steele,454.5642933
Bowman,Stutsman,358.8397167
Bowman,Towner,427.3751139
Bowman,Traill,497.4376168
Bowman,Walsh,486.7654649
Bowman,Ward,272.7577868
Bowman,Wells,321.3553132
Bowman,Williams,247.0731487
Burke,Adams,298.4932122
Burke,Barnes,429.3321816
Burke,Benson,233.8689234
Burke,Billings,202.6513424
Burke,Bottineau,122.7194671
Burke,Bowman,299.8842883
Burke,Burke,0
Burke,Burleigh,254.2814936
Burke,Cass,448.1391126
Burke,Cavalier,306.5325166
Burke,Dickey,442.4646679
Burke,Divide,68.99078211
Burke,Dunn,161.1420987
Burke,Eddy,294.7227337
Burke,Emmons,352.2889653
Burke,Foster,306.1675504
Burke,GoldenValley,225.7538475
Burke,GrandForks,385.2027281
Burke,Grant,274.8615601
Burke,Griggs,349.9603774
Burke,Hettinger,256.3262702
Burke,Kidder,273.5762179
Burke,LaMoure,408.6293233
Burke,Logan,320.2217206
Burke,McHenry,140.1635137
Burke,McIntosh,384.189018
Burke,McKenzie,138.9204066
Burke,McLean,157.6237922
Burke,Mercer,178.1302152
Burke,Mortonne,261.5018259
Burke,Mountrail,64.86352182
Burke,Nelson,324.1788714
Burke,Oliver,205.4048017
Burke,Pembina,363.483068
Burke,Pierce,174.8963228
Burke,Ramsey,286.7546911
Burke,Ransom,446.2384556
Burke,Renville,74.3181338
Burke,Richland,502.2740067
Burke,Rolette,193.9316357
Burke,Sargent,471.7781454
Burke,Sheridan,221.4723894
Burke,Sioux,317.2464583
Burke,Slope,273.9001096
Burke,Stark,217.7544484
Burke,Steele,384.5006712
Burke,Stutsman,365.8216212
Burke,Towner,241.2415482
Burke,Traill,421.1270495
Burke,Walsh,348.2503537
Burke,Ward,91.11486209
Burke,Wells,243.3698823
Burke,Williams,85.18952175
Burleigh,Adams,183.2974247
Burleigh,Barnes,227.5018929
Burleigh,Benson,140.9663823
Burleigh,Billings,215.6743003
Burleigh,Bottineau,206.4907776
Burleigh,Bowman,241.5011686
Burleigh,Burke,254.2814936
Burleigh,Burleigh,0
Burleigh,Cass,247.3610678
Burleigh,Cavalier,257.7782064
Burleigh,Dickey,195.2221035
Burleigh,Divide,304.9539234
Burleigh,Dunn,167.4677837
Burleigh,Eddy,148.8902703
Burleigh,Emmons,106.0993055
Burleigh,Foster,132.422264
Burleigh,GoldenValley,254.4655215
Burleigh,GrandForks,249.2361924
Burleigh,Grant,107.6321379
Burleigh,Griggs,176.281201
Burleigh,Hettinger,160.0293079
Burleigh,Kidder,49.62369893
Burleigh,LaMoure,174.2460144
Burleigh,Logan,66.01845805
Burleigh,McHenry,142.3608866
Burleigh,McIntosh,130.6000213
Burleigh,McKenzie,238.0349041
Burleigh,McLean,97.67213898
Burleigh,Mercer,117.9180585
Burleigh,Mortonne,36.02821315
Burleigh,Mountrail,198.9347103
Burleigh,Nelson,194.2727141
Burleigh,Oliver,66.58716365
Burleigh,Pembina,296.3341174
Burleigh,Pierce,139.7546797
Burleigh,Ramsey,193.7282793
Burleigh,Ransom,221.3385773
Burleigh,Renville,211.700639
Burleigh,Richland,278.1934823
Burleigh,Rolette,203.6222624
Burleigh,Sargent,235.6543724
Burleigh,Sheridan,48.45466953
Burleigh,Sioux,105.1077429
Burleigh,Slope,240.5776857
Burleigh,Stark,169.1919866
Burleigh,Steele,213.4435394
Burleigh,Stutsman,132.5671467
Burleigh,Towner,221.1555944
Burleigh,Traill,256.506609
Burleigh,Walsh,251.7545642
Burleigh,Ward,166.9154192
Burleigh,Wells,90.52992143
Burleigh,Williams,276.2844737
Cass,Adams,415.3709928
Cass,Barnes,20.03903538
Cass,Benson,217.803569
Cass,Billings,462.8643816
Cass,Bottineau,343.6360068
Cass,Bowman,480.6718465
Cass,Burke,448.1391126
Cass,Burleigh,247.3610678
Cass,Cass,0
Cass,Cavalier,225.714342
Cass,Dickey,134.9822728
Cass,Divide,512.9694767
Cass,Dunn,411.4173047
Cass,Eddy,155.5304773
Cass,Emmons,251.875031
Cass,Foster,142.1466271
Cass,GoldenValley,501.8171563
Cass,GrandForks,114.9513652
Cass,Grant,340.4630203
Cass,Griggs,99.59914181
Cass,Hettinger,402.0374872
Cass,Kidder,201.0141993
Cass,LaMoure,97.08439079
Cass,Logan,218.0196116
Cass,McHenry,307.977742
Cass,McIntosh,182.9523871
Cass,McKenzie,477.4011938
Cass,McLean,322.0832085
Cass,Mercer,362.639242
Cass,Mortonne,274.3376809
Cass,Mountrail,413.0589814
Cass,Nelson,142.1953656
Cass,Oliver,311.9094469
Cass,Pembina,210.0825065
Cass,Pierce,274.4819663
Cass,Ramsey,186.8759473
Cass,Ransom,58.35246798
Cass,Renville,379.9846925
Cass,Richland,73.39467641
Cass,Rolette,285.8425526
Cass,Sargent,93.22351715
Cass,Sheridan,246.5129692
Cass,Sioux,307.7115406
Cass,Slope,484.4241692
Cass,Stark,416.2574559
Cass,Steele,73.46371618
Cass,Stutsman,122.2517963
Cass,Towner,256.3515351
Cass,Traill,68.60513598
Cass,Walsh,169.1279642
Cass,Ward,359.9642095
Cass,Wells,207.2066205
Cass,Williams,498.7366835
Cavalier,Adams,433.1497483
Cavalier,Barnes,215.9197223
Cavalier,Benson,119.9042959
Cavalier,Billings,418.1607824
Cavalier,Bottineau,183.8144777
Cavalier,Bowman,479.8983889
Cavalier,Burke,306.5325166
Cavalier,Burleigh,257.7782064
Cavalier,Cass,225.714342
Cavalier,Cavalier,0
Cavalier,Dickey,312.1812662
Cavalier,Divide,375.2152675
Cavalier,Dunn,356.0643793
Cavalier,Eddy,122.5119291
Cavalier,Emmons,339.3085455
Cavalier,Foster,150.9688066
Cavalier,GoldenValley,456.9013537
Cavalier,GrandForks,115.5035996
Cavalier,Grant,362.0112181
Cavalier,Griggs,148.3386434
Cavalier,Hettinger,400.56196
Cavalier,Kidder,218.560116
Cavalier,LaMoure,259.1763666
Cavalier,Logan,286.7229654
Cavalier,McHenry,193.7289558
Cavalier,McIntosh,306.9945205
Cavalier,McKenzie,396.4523272
Cavalier,McLean,259.3901115
Cavalier,Mercer,321.4464394
Cavalier,Mortonne,293.4311226
Cavalier,Mountrail,303.3973316
Cavalier,Nelson,94.5663178
Cavalier,Oliver,288.3745422
Cavalier,Pembina,56.95557601
Cavalier,Pierce,158.7809949
Cavalier,Ramsey,66.69191201
Cavalier,Ransom,262.2138284
Cavalier,Renville,232.7366199
Cavalier,Richland,298.7189826
Cavalier,Rolette,112.8675997
Cavalier,Sargent,301.3053319
Cavalier,Sheridan,217.3366396
Cavalier,Sioux,361.4172999
Cavalier,Slope,469.3781147
Cavalier,Stark,390.7611159
Cavalier,Steele,154.3128996
Cavalier,Stutsman,237.9741266
Cavalier,Towner,65.40753629
Cavalier,Traill,165.3937086
Cavalier,Walsh,59.87975405
Cavalier,Ward,244.5064215
Cavalier,Wells,167.2606891
Cavalier,Williams,382.4601355
Dickey,Adams,321.2419809
Dickey,Barnes,125.8945293
Dickey,Benson,248.8303508
Dickey,Billings,397.1121199
Dickey,Bottineau,365.4977448
Dickey,Bowman,389.8088251
Dickey,Burke,442.4646679
Dickey,Burleigh,195.2221035
Dickey,Cass,134.9822728
Dickey,Cavalier,312.1812662
Dickey,Dickey,0
Dickey,Divide,498.0490876
Dickey,Dunn,358.2824722
Dickey,Eddy,199.7497024
Dickey,Emmons,145.6902754
Dickey,Foster,171.7886723
Dickey,GoldenValley,432.3380162
Dickey,GrandForks,226.0646779
Dickey,Grant,254.7386206
Dickey,Griggs,164.1763212
Dickey,Hettinger,319.7168168
Dickey,Kidder,169.0109898
Dickey,LaMoure,53.15326153
Dickey,Logan,137.3002856
Dickey,McHenry,311.306539
Dickey,McIntosh,74.34648754
Dickey,McKenzie,430.8690911
Dickey,McLean,290.9575858
Dickey,Mercer,309.4502883
Dickey,Mortonne,206.2587442
Dickey,Mountrail,392.0489197
Dickey,Nelson,217.6295957
Dickey,Oliver,259.6504877
Dickey,Pembina,316.84299
Dickey,Pierce,289.2171678
Dickey,Ramsey,253.0905041
Dickey,Ransom,77.09848582
Dickey,Renville,387.5024871
Dickey,Richland,111.3203146
Dickey,Rolette,328.5801065
Dickey,Sargent,57.20933854
Dickey,Sheridan,220.9971149
Dickey,Sioux,209.5635198
Dickey,Slope,400.5304111
Dickey,Stark,345.3599474
Dickey,Steele,170.9876972
Dickey,Stutsman,83.18256019
Dickey,Towner,317.0401833
Dickey,Traill,193.5207041
Dickey,Walsh,268.2648354
Dickey,Ward,351.6854621
Dickey,Wells,210.4460472
Dickey,Williams,471.3875005
Divide,Adams,311.6376148
Divide,Barnes,493.833044
Divide,Benson,301.1502718
Divide,Billings,199.1724162
Divide,Bottineau,191.4856082
Divide,Bowman,297.4296792
Divide,Burke,68.99078211
Divide,Burleigh,304.9539234
Divide,Cass,512.9694767
Divide,Cavalier,375.2152675
Divide,Dickey,498.0490876
Divide,Divide,0
Divide,Dunn,177.4913078
Divide,Eddy,361.139345
Divide,Emmons,395.4139024
Divide,Foster,370.8295118
Divide,GoldenValley,210.5077443
Divide,GrandForks,453.6020272
Divide,Grant,304.5621427
Divide,Griggs,415.7898054
Divide,Hettinger,271.9676813
Divide,Kidder,330.7845826
Divide,LaMoure,467.792463
Divide,Logan,369.6256578
Divide,McHenry,205.8463139
Divide,McIntosh,435.4745039
Divide,McKenzie,126.2571054
Divide,McLean,207.4990615
Divide,Mercer,209.7665022
Divide,Mortonne,305.7989696
Divide,Mountrail,106.1100427
Divide,Nelson,392.1303118
Divide,Oliver,247.9727867
Divide,Pembina,432.1428025
Divide,Pierce,241.9341231
Divide,Ramsey,355.4047906
Divide,Ransom,507.7120241
Divide,Renville,143.3088851
Divide,Richland,564.3933304
Divide,Rolette,262.7876025
Divide,Sargent,531.1306301
Divide,Sheridan,278.3980329
Divide,Sioux,352.172613
Divide,Slope,268.390171
Divide,Stark,229.6954394
Divide,Steele,451.1096103
Divide,Stutsman,424.6083366
Divide,Towner,310.0138838
Divide,Traill,488.5668787
Divide,Walsh,417.2201167
Divide,Ward,153.0432842
Divide,Wells,306.4639885
Divide,Williams,50.51618516
Dunn,Adams,137.6947121
Dunn,Barnes,391.383861
Dunn,Benson,243.3063425
Dunn,Billings,62.18376654
Dunn,Bottineau,208.8724952
Dunn,Bowman,144.6187236
Dunn,Burke,161.1420987
Dunn,Burleigh,167.4677837
Dunn,Cass,411.4173047
Dunn,Cavalier,356.0643793
Dunn,Dickey,358.2824722
Dunn,Divide,177.4913078
Dunn,Dunn,0
Dunn,Eddy,284.9913948
Dunn,Emmons,232.890874
Dunn,Foster,280.5192104
Dunn,GoldenValley,101.0071249
Dunn,GrandForks,390.4229182
Dunn,Grant,129.9053705
Dunn,Griggs,328.5395758
Dunn,Hettinger,96.07674747
Dunn,Kidder,210.5353
Dunn,LaMoure,341.6179454
Dunn,Logan,221.2527077
Dunn,McHenry,165.6399576
Dunn,McIntosh,287.2880409
Dunn,McKenzie,73.43918126
Dunn,McLean,99.08277293
Dunn,Mercer,49.55324834
Dunn,Mortonne,152.1963326
Dunn,Mountrail,98.95458956
Dunn,Nelson,328.0188716
Dunn,Oliver,100.8978597
Dunn,Pembina,408.0114796
Dunn,Pierce,197.5250176
Dunn,Ramsey,307.8325914
Dunn,Ransom,388.7381262
Dunn,Renville,175.164136
Dunn,Richland,445.6587783
Dunn,Rolette,256.7701461
Dunn,Sargent,402.3698011
Dunn,Sheridan,167.4300908
Dunn,Sioux,180.5974074
Dunn,Slope,123.581813
Dunn,Stark,56.68680683
Dunn,Steele,367.0013169
Dunn,Stutsman,300.0042124
Dunn,Towner,297.3998666
Dunn,Traill,409.7073423
Dunn,Walsh,374.5199037
Dunn,Ward,129.6058873
Dunn,Wells,217.2717358
Dunn,Williams,133.1381723
Eddy,Adams,331.7962775
Eddy,Barnes,138.0487926
Eddy,Benson,62.27709061
Eddy,Billings,343.6630373
Eddy,Bottineau,188.2386464
Eddy,Bowman,386.9989866
Eddy,Burke,294.7227337
Eddy,Burleigh,148.8902703
Eddy,Cass,155.5304773
Eddy,Cavalier,122.5119291
Eddy,Dickey,199.7497024
Eddy,Divide,361.139345
Eddy,Dunn,284.9913948
Eddy,Eddy,0
Eddy,Emmons,218.2124066
Eddy,Foster,29.18163846
Eddy,GoldenValley,383.6925535
Eddy,GrandForks,105.5958489
Eddy,Grant,256.5179271
Eddy,Griggs,55.96523138
Eddy,Hettinger,305.318249
Eddy,Kidder,102.7623824
Eddy,LaMoure,149.0719072
Eddy,Logan,166.0953042
Eddy,McHenry,155.3077066
Eddy,McIntosh,185.1589641
Eddy,McKenzie,342.0833452
Eddy,McLean,187.1204189
Eddy,Mercer,240.8762843
Eddy,Mortonne,184.6603956
Eddy,Mountrail,265.8137839
Eddy,Nelson,45.61132189
Eddy,Oliver,196.6092195
Eddy,Pembina,150.1712514
Eddy,Pierce,119.9375918
Eddy,Ramsey,56.66912287
Eddy,Ransom,168.0669543
Eddy,Renville,224.9549491
Eddy,Richland,218.1580666
Eddy,Rolette,134.8237902
Eddy,Sargent,202.9520284
Eddy,Sheridan,120.9985711
Eddy,Sioux,246.7573281
Eddy,Slope,382.2091588
Eddy,Stark,305.6792747
Eddy,Steele,89.98504932
Eddy,Stutsman,119.6370405
Eddy,Towner,117.332947
Eddy,Traill,129.1346272
Eddy,Walsh,103.3779278
Eddy,Ward,209.3431458
Eddy,Wells,67.95285401
Eddy,Williams,351.8221296
Emmons,Adams,175.6400016
Emmons,Barnes,235.0991161
Emmons,Benson,233.4041563
Emmons,Billings,260.8771476
Emmons,Bottineau,312.5541437
Emmons,Bowman,244.2971686
Emmons,Burke,352.2889653
Emmons,Burleigh,106.0993055
Emmons,Cass,251.875031
Emmons,Cavalier,339.3085455
Emmons,Dickey,145.6902754
Emmons,Divide,395.4139024
Emmons,Dunn,232.890874
Emmons,Eddy,218.2124066
Emmons,Emmons,0
Emmons,Foster,192.1895507
Emmons,GoldenValley,293.1074841
Emmons,GrandForks,297.9019609
Emmons,Grant,113.2519144
Emmons,Griggs,220.0384394
Emmons,Hettinger,177.3491236
Emmons,Kidder,123.8945418
Emmons,LaMoure,156.5335208
Emmons,Logan,52.70579975
Emmons,McHenry,248.4489388
Emmons,McIntosh,73.03785987
Emmons,McKenzie,306.1027662
Emmons,McLean,195.2808407
Emmons,Mercer,188.6349445
Emmons,Mortonne,90.78774082
Emmons,Mountrail,291.9925081
Emmons,Nelson,257.914906
Emmons,Oliver,147.8361619
Emmons,Pembina,366.9568574
Emmons,Pierce,243.9715346
Emmons,Ramsey,272.624352
Emmons,Ransom,205.248512
Emmons,Renville,316.3427901
Emmons,Richland,253.3742794
Emmons,Rolette,304.6645005
Emmons,Sargent,200.7907447
Emmons,Sheridan,153.1787415
Emmons,Sioux,64.31587867
Emmons,Slope,256.2549675
Emmons,Stark,208.1021531
Emmons,Steele,248.7745626
Emmons,Stutsman,133.2113284
Emmons,Towner,314.9081993
Emmons,Traill,287.0575125
Emmons,Walsh,318.0161634
Emmons,Ward,269.2567682
Emmons,Wells,181.0581527
Emmons,Williams,359.6297219
Foster,Adams,315.5081459
Foster,Barnes,123.1703169
Foster,Benson,81.39277817
Foster,Billings,337.039008
Foster,Bottineau,206.5139306
Foster,Bowman,373.4973203
Foster,Burke,306.1675504
Foster,Burleigh,132.422264
Foster,Cass,142.1466271
Foster,Cavalier,150.9688066
Foster,Dickey,171.7886723
Foster,Divide,370.8295118
Foster,Dunn,280.5192104
Foster,Eddy,29.18163846
Foster,Emmons,192.1895507
Foster,Foster,0
Foster,GoldenValley,376.9703508
Foster,GrandForks,116.8140352
Foster,Grant,239.2964802
Foster,Griggs,48.1801602
Foster,Hettinger,291.8005362
Foster,Kidder,83.55650229
Foster,LaMoure,122.2130469
Foster,Logan,140.8516667
Foster,McHenry,166.0310703
Foster,McIntosh,156.1975764
Foster,McKenzie,341.6786314
Foster,McLean,185.3810999
Foster,Mercer,234.1823111
Foster,Mortonne,167.1361106
Foster,Mountrail,271.7110411
Foster,Nelson,66.0680783
Foster,Oliver,186.8837267
Foster,Pembina,174.7819308
Foster,Pierce,133.809182
Foster,Ramsey,85.70996317
Foster,Ransom,146.0026716
Foster,Renville,239.2790893
Foster,Richland,198.9503331
Foster,Rolette,158.9618104
Foster,Sargent,178.7824073
Foster,Sheridan,113.2652837
Foster,Sioux,224.9668166
Foster,Slope,370.8168672
Foster,Stark,295.9920117
Foster,Steele,86.57593745
Foster,Stutsman,90.74929285
Foster,Towner,145.4498849
Foster,Traill,129.1951264
Foster,Walsh,126.1741639
Foster,Ward,217.848309
Foster,Wells,66.21656651
Foster,Williams,357.6661121
GoldenValley,Adams,137.6775804
GoldenValley,Barnes,481.9340738
GoldenValley,Benson,344.1236106
GoldenValley,Billings,40.03095067
GoldenValley,Bottineau,302.3298531
GoldenValley,Bowman,94.22102404
GoldenValley,Burke,225.7538475
GoldenValley,Burleigh,254.4655215
GoldenValley,Cass,501.8171563
GoldenValley,Cavalier,456.9013537
GoldenValley,Dickey,432.3380162
GoldenValley,Divide,210.5077443
GoldenValley,Dunn,101.0071249
GoldenValley,Eddy,383.6925535
GoldenValley,Emmons,293.1074841
GoldenValley,Foster,376.9703508
GoldenValley,GoldenValley,0
GoldenValley,GrandForks,489.2883967
GoldenValley,Grant,179.855711
GoldenValley,Griggs,424.4559493
GoldenValley,Hettinger,117.0640944
GoldenValley,Kidder,301.7023913
GoldenValley,LaMoure,424.1677
GoldenValley,Logan,296.6158724
GoldenValley,McHenry,265.2299669
GoldenValley,McIntosh,358.3883463
GoldenValley,McKenzie,87.53038605
GoldenValley,McLean,199.7159196
GoldenValley,Mercer,142.9622634
GoldenValley,Mortonne,230.3589554
GoldenValley,Mountrail,177.6991553
GoldenValley,Nelson,427.4926244
GoldenValley,Oliver,191.0458376
GoldenValley,Pembina,509.0178063
GoldenValley,Pierce,298.2060656
GoldenValley,Ramsey,408.6340586
GoldenValley,Ransom,473.1586676
GoldenValley,Renville,262.3304209
GoldenValley,Richland,528.757174
GoldenValley,Rolette,355.6312797
GoldenValley,Sargent,481.6169571
GoldenValley,Sheridan,263.9010239
GoldenValley,Sioux,230.8420712
GoldenValley,Slope,63.8033238
GoldenValley,Stark,87.24658241
GoldenValley,Steele,462.800887
GoldenValley,Stutsman,384.9163304
GoldenValley,Towner,397.5051749
GoldenValley,Traill,505.859571
GoldenValley,Walsh,475.2014268
GoldenValley,Ward,223.600649
GoldenValley,Wells,315.7419612
GoldenValley,Williams,160.1685273
GrandForks,Adams,432.249718
GrandForks,Barnes,109.7830668
GrandForks,Benson,154.9761141
GrandForks,Billings,449.2588735
GrandForks,Bottineau,267.7251707
GrandForks,Bowman,490.1153974
GrandForks,Burke,385.2027281
GrandForks,Burleigh,249.2361924
GrandForks,Cass,114.9513652
GrandForks,Cavalier,115.5035996
GrandForks,Dickey,226.0646779
GrandForks,Divide,453.6020272
GrandForks,Dunn,390.4229182
GrandForks,Eddy,105.5958489
GrandForks,Emmons,297.9019609
GrandForks,Foster,116.8140352
GrandForks,GoldenValley,489.2883967
GrandForks,GrandForks,0
GrandForks,Grant,355.9192947
GrandForks,Griggs,77.97983094
GrandForks,Hettinger,408.3784141
GrandForks,Kidder,200.2134614
GrandForks,LaMoure,174.6200491
GrandForks,Logan,250.2736879
GrandForks,McHenry,251.1095152
GrandForks,McIntosh,245.0272217
GrandForks,McKenzie,445.8438075
GrandForks,McLean,292.1262662
GrandForks,Mercer,346.4561212
GrandForks,Mortonne,283.8137823
GrandForks,Mountrail,364.7814397
GrandForks,Nelson,63.43582952
GrandForks,Oliver,301.5251043
GrandForks,Pembina,95.42946275
GrandForks,Pierce,213.3756161
GrandForks,Ramsey,99.00384461
GrandForks,Ransom,161.4784293
GrandForks,Renville,311.8302045
GrandForks,Richland,188.1842478
GrandForks,Rolette,200.059293
GrandForks,Sargent,200.8857208
GrandForks,Sheridan,226.2103544
GrandForks,Sioux,338.6007696
GrandForks,Slope,486.6592822
GrandForks,Stark,410.766966
GrandForks,Steele,55.22391348
GrandForks,Stutsman,170.7251017
GrandForks,Towner,160.3797547
GrandForks,Traill,50.10237091
GrandForks,Walsh,56.0602943
GrandForks,Ward,306.2359584
GrandForks,Wells,173.547681
GrandForks,Williams,449.9220403
Grant,Adams,76.61467343
Grant,Barnes,321.4698087
Grant,Benson,242.6699897
Grant,Billings,148.3826467
Grant,Bottineau,273.824697
Grant,Bowman,140.224865
Grant,Burke,274.8615601
Grant,Burleigh,107.6321379
Grant,Cass,340.4630203
Grant,Cavalier,362.0112181
Grant,Dickey,254.7386206
Grant,Divide,304.5621427
Grant,Dunn,129.9053705
Grant,Eddy,256.5179271
Grant,Emmons,113.2519144
Grant,Foster,239.2964802
Grant,GoldenValley,179.855711
Grant,GrandForks,355.9192947
Grant,Grant,0
Grant,Griggs,281.0998329
Grant,Hettinger,64.9782758
Grant,Kidder,155.7470692
Grant,LaMoure,253.4050635
Grant,Logan,123.8758156
Grant,McHenry,211.5538104
Grant,McIntosh,180.3958798
Grant,McKenzie,200.2807446
Grant,McLean,135.9506188
Grant,Mercer,96.8756071
Grant,Mortonne,72.17325262
Grant,Mountrail,210.2397283
Grant,Nelson,301.8972036
Grant,Oliver,84.67075298
Grant,Pembina,403.104972
Grant,Pierce,224.9130644
Grant,Ramsey,299.7419816
Grant,Ransom,303.3502104
Grant,Renville,260.2037593
Grant,Richland,356.4945323
Grant,Rolette,292.4899741
Grant,Sargent,306.6263372
Grant,Sheridan,144.8434352
Grant,Sioux,52.48739534
Grant,Slope,146.5772247
Grant,Stark,95.65800847
Grant,Steele,316.91435
Grant,Stutsman,218.630477
Grant,Towner,318.8068403
Grant,Traill,359.3691471
Grant,Walsh,359.2266626
Grant,Ward,208.5596731
Grant,Wells,195.7590465
Grant,Williams,262.5885621
Griggs,Adams,357.6950005
Griggs,Barnes,82.50437155
Griggs,Benson,118.2392484
Griggs,Billings,384.5925181
Griggs,Bottineau,244.0525862
Griggs,Bowman,417.7339838
Griggs,Burke,349.9603774
Griggs,Burleigh,176.281201
Griggs,Cass,99.59914181
Griggs,Cavalier,148.3386434
Griggs,Dickey,164.1763212
Griggs,Divide,415.7898054
Griggs,Dunn,328.5395758
Griggs,Eddy,55.96523138
Griggs,Emmons,220.0384394
Griggs,Foster,48.1801602
Griggs,GoldenValley,424.4559493
Griggs,GrandForks,77.97983094
Griggs,Grant,281.0998329
Griggs,Griggs,0
Griggs,Hettinger,336.3100156
Griggs,Kidder,126.6597118
Griggs,LaMoure,111.045971
Griggs,Logan,172.3662814
Griggs,McHenry,210.0541261
Griggs,McIntosh,170.1295457
Griggs,McKenzie,389.8192249
Griggs,McLean,233.5400524
Griggs,Mercer,281.8722495
Griggs,Mortonne,209.4936871
Griggs,Mountrail,318.3954857
Griggs,Nelson,53.92229273
Griggs,Oliver,233.8454958
Griggs,Pembina,155.8192929
Griggs,Pierce,175.513701
Griggs,Ramsey,94.28315578
Griggs,Ransom,118.0010708
Griggs,Renville,280.7890416
Griggs,Richland,164.2662179
Griggs,Rolette,187.9201131
Griggs,Sargent,155.5949351
Griggs,Sheridan,161.1543946
Griggs,Sioux,261.2333775
Griggs,Slope,416.3940617
Griggs,Stark,342.579966
Griggs,Steele,38.46193918
Griggs,Stutsman,96.23296414
Griggs,Towner,163.2386376
Griggs,Traill,81.40362273
Griggs,Walsh,106.0535873
Griggs,Ward,263.2725218
Griggs,Wells,113.9687279
Griggs,Williams,404.4574908
Hettinger,Adams,42.52706643
Hettinger,Barnes,382.7003961
Hettinger,Benson,280.9473081
Hettinger,Billings,90.52249469
Hettinger,Bottineau,284.3491057
Hettinger,Bowman,81.74935428
Hettinger,Burke,256.3262702
Hettinger,Burleigh,160.0293079
Hettinger,Cass,402.0374872
Hettinger,Cavalier,400.56196
Hettinger,Dickey,319.7168168
Hettinger,Divide,271.9676813
Hettinger,Dunn,96.07674747
Hettinger,Eddy,305.318249
Hettinger,Emmons,177.3491236
Hettinger,Foster,291.8005362
Hettinger,GoldenValley,117.0640944
Hettinger,GrandForks,408.3784141
Hettinger,Grant,64.9782758
Hettinger,Griggs,336.3100156
Hettinger,Hettinger,0
Hettinger,Kidder,209.6526112
Hettinger,LaMoure,317.2683958
Hettinger,Logan,187.7016852
Hettinger,McHenry,228.6175159
Hettinger,McIntosh,245.3735006
Hettinger,McKenzie,154.2382663
Hettinger,McLean,149.6849142
Hettinger,Mercer,90.25434478
Hettinger,Mortonne,128.3398287
Hettinger,Mountrail,192.5649662
Hettinger,Nelson,350.8911495
Hettinger,Oliver,112.2207537
Hettinger,Pembina,446.2787737
Hettinger,Pierce,250.935759
Hettinger,Ramsey,342.4084087
Hettinger,Ransom,367.1054929
Hettinger,Renville,259.8005695
Hettinger,Richland,420.8694374
Hettinger,Rolette,317.2665605
Hettinger,Sargent,371.4131659
Hettinger,Sheridan,186.2085822
Hettinger,Sioux,114.124663
Hettinger,Slope,82.55104148
Hettinger,Stark,42.93060446
Hettinger,Steele,373.3688093
Hettinger,Stutsman,281.0983963
Hettinger,Towner,350.3582368
Hettinger,Traill,416.3495637
Hettinger,Walsh,405.4954084
Hettinger,Ward,209.4229902
Hettinger,Wells,240.0129269
Hettinger,Williams,225.1091436
Kidder,Adams,232.0384008
Kidder,Barnes,181.0018673
Kidder,Benson,109.5608249
Kidder,Billings,262.3705962
Kidder,Bottineau,203.1753661
Kidder,Bowman,291.0938627
Kidder,Burke,273.5762179
Kidder,Burleigh,49.62369893
Kidder,Cass,201.0141993
Kidder,Cavalier,218.560116
Kidder,Dickey,169.0109898
Kidder,Divide,330.7845826
Kidder,Dunn,210.5353
Kidder,Eddy,102.7623824
Kidder,Emmons,123.8945418
Kidder,Foster,83.55650229
Kidder,GoldenValley,301.7023913
Kidder,GrandForks,200.2134614
Kidder,Grant,155.7470692
Kidder,Griggs,126.6597118
Kidder,Hettinger,209.6526112
Kidder,Kidder,0
Kidder,LaMoure,137.5452874
Kidder,Logan,71.82799447
Kidder,McHenry,144.2564364
Kidder,McIntosh,118.4238831
Kidder,McKenzie,278.0727885
Kidder,McLean,126.4665613
Kidder,Mercer,161.6275441
Kidder,Mortonne,83.60469519
Kidder,Mountrail,225.4556132
Kidder,Nelson,147.2868804
Kidder,Oliver,111.0159102
Kidder,Pembina,252.4779034
Kidder,Pierce,128.539346
Kidder,Ramsey,152.5072539
Kidder,Ransom,180.9482498
Kidder,Renville,219.728038
Kidder,Richland,238.3177627
Kidder,Rolette,183.2655335
Kidder,Sargent,200.7696813
Kidder,Sheridan,52.4150561
Kidder,Sioux,144.2356334
Kidder,Slope,290.043636
Kidder,Stark,217.6095307
Kidder,Steele,163.8799286
Kidder,Stutsman,94.30049029
Kidder,Towner,191.0167541
Kidder,Traill,206.9825182
Kidder,Walsh,206.1316975
Kidder,Ward,182.6911548
Kidder,Wells,57.45356317
Kidder,Williams,307.881678
LaMoure,Adams,325.7875537
LaMoure,Barnes,82.85730218
LaMoure,Benson,201.8875739
LaMoure,Billings,386.8033675
LaMoure,Bottineau,322.8607013
LaMoure,Bowman,392.8847134
LaMoure,Burke,408.6293233
LaMoure,Burleigh,174.2460144
LaMoure,Cass,97.08439079
LaMoure,Cavalier,259.1763666
LaMoure,Dickey,53.15326153
LaMoure,Divide,467.792463
LaMoure,Dunn,341.6179454
LaMoure,Eddy,149.0719072
LaMoure,Emmons,156.5335208
LaMoure,Foster,122.2130469
LaMoure,GoldenValley,424.1677
LaMoure,GrandForks,174.6200491
LaMoure,Grant,253.4050635
LaMoure,Griggs,111.045971
LaMoure,Hettinger,317.2683958
LaMoure,Kidder,137.5452874
LaMoure,LaMoure,0
LaMoure,Logan,129.6042143
LaMoure,McHenry,272.8167978
LaMoure,McIntosh,86.0051753
LaMoure,McKenzie,412.1312276
LaMoure,McLean,263.8408729
LaMoure,Mercer,292.0705069
LaMoure,Mortonne,193.8328525
LaMoure,Mountrail,362.856665
LaMoure,Nelson,164.6100896
LaMoure,Oliver,240.8119098
LaMoure,Pembina,264.0946929
LaMoure,Pierce,247.0804698
LaMoure,Ramsey,200.9995647
LaMoure,Ransom,49.97450437
LaMoure,Renville,349.0158231
LaMoure,Richland,104.6315991
LaMoure,Rolette,280.8499842
LaMoure,Sargent,63.3382648
LaMoure,Sheridan,189.6124316
LaMoure,Sioux,215.4790959
LaMoure,Slope,399.6877993
LaMoure,Stark,337.0734351
LaMoure,Steele,119.3967394
LaMoure,Stutsman,43.25646581
LaMoure,Towner,266.2903494
LaMoure,Traill,146.1801641
LaMoure,Walsh,215.2867589
LaMoure,Ward,317.5378511
LaMoure,Wells,168.9669222
LaMoure,Williams,445.3650485
Logan,Adams,197.5085478
Logan,Barnes,199.5808806
Logan,Benson,181.3452517
Logan,Billings,260.4751955
Logan,Bottineau,267.6168717
Logan,Bowman,263.7475999
Logan,Burke,320.2217206
Logan,Burleigh,66.01845805
Logan,Cass,218.0196116
Logan,Cavalier,286.7229654
Logan,Dickey,137.3002856
Logan,Divide,369.6256578
Logan,Dunn,221.2527077
Logan,Eddy,166.0953042
Logan,Emmons,52.70579975
Logan,Foster,140.8516667
Logan,GoldenValley,296.6158724
Logan,GrandForks,250.2736879
Logan,Grant,123.8758156
Logan,Griggs,172.3662814
Logan,Hettinger,187.7016852
Logan,Kidder,71.82799447
Logan,LaMoure,129.6042143
Logan,Logan,0
Logan,McHenry,204.9184044
Logan,McIntosh,66.73468819
Logan,McKenzie,294.1766146
Logan,McLean,163.1350206
Logan,Mercer,172.8355295
Logan,Mortonne,69.06382763
Logan,Mountrail,263.9111226
Logan,Nelson,206.8730607
Logan,Oliver,124.3960589
Logan,Pembina,315.5170655
Logan,Pierce,196.0762997
Logan,Ramsey,220.0583125
Logan,Ransom,179.5109922
Logan,Renville,276.6247664
Logan,Richland,233.2942019
Logan,Rolette,254.3198302
Logan,Sargent,185.0138199
Logan,Sheridan,107.705777
Logan,Sioux,90.93511553
Logan,Slope,270.0863937
Logan,Stark,209.37838
Logan,Steele,203.9597535
Logan,Stutsman,95.76877135
Logan,Towner,262.6871641
Logan,Traill,244.3628525
Logan,Walsh,267.0082289
Logan,Ward,232.8145722
Logan,Wells,129.2622426
Logan,Williams,338.7453658
McHenry,Adams,267.7836608
McHenry,Barnes,289.1817117
McHenry,Benson,96.41259851
McHenry,Billings,227.6429759
McHenry,Bottineau,64.72908829
McHenry,Bowman,300.9227195
McHenry,Burke,140.1635137
McHenry,Burleigh,142.3608866
McHenry,Cass,307.977742
McHenry,Cavalier,193.7289558
McHenry,Dickey,311.306539
McHenry,Divide,205.8463139
McHenry,Dunn,165.6399576
McHenry,Eddy,155.3077066
McHenry,Emmons,248.4489388
McHenry,Foster,166.0310703
McHenry,GoldenValley,265.2299669
McHenry,GrandForks,251.1095152
McHenry,Grant,211.5538104
McHenry,Griggs,210.0541261
McHenry,Hettinger,228.6175159
McHenry,Kidder,144.2564364
McHenry,LaMoure,272.8167978
McHenry,Logan,204.9184044
McHenry,McHenry,0
McHenry,McIntosh,261.8169326
McHenry,McKenzie,202.9974248
McHenry,McLean,79.07983246
McHenry,Mercer,140.0007599
McHenry,Mortonne,164.8847868
McHenry,Mountrail,114.1142357
McHenry,Nelson,188.3020753
McHenry,Oliver,126.890795
McHenry,Pembina,248.3168174
McHenry,Pierce,37.9494415
McHenry,Ramsey,156.0912773
McHenry,Ransom,307.6906632
McHenry,Renville,76.31731453
McHenry,Richland,363.0802891
McHenry,Rolette,91.35261693
McHenry,Sargent,335.2575234
McHenry,Sheridan,97.28295684
McHenry,Sioux,235.2704033
McHenry,Slope,285.4210984
McHenry,Stark,208.2523721
McHenry,Steele,245.289977
McHenry,Stutsman,231.0318825
McHenry,Towner,132.3852123
McHenry,Traill,283.3113757
McHenry,Walsh,222.0004815
McHenry,Ward,55.1273944
McHenry,Wells,104.5779018
McHenry,Williams,198.8135703
McIntosh,Adams,247.6450342
McIntosh,Barnes,167.6977046
McIntosh,Benson,218.8398584
McIntosh,Billings,323.6593927
McIntosh,Bottineau,321.597792
McIntosh,Bowman,316.0292497
McIntosh,Burke,384.189018
McIntosh,Burleigh,130.6000213
McIntosh,Cass,182.9523871
McIntosh,Cavalier,306.9945205
McIntosh,Dickey,74.34648754
McIntosh,Divide,435.4745039
McIntosh,Dunn,287.2880409
McIntosh,Eddy,185.1589641
McIntosh,Emmons,73.03785987
McIntosh,Foster,156.1975764
McIntosh,GoldenValley,358.3883463
McIntosh,GrandForks,245.0272217
McIntosh,Grant,180.3958798
McIntosh,Griggs,170.1295457
McIntosh,Hettinger,245.3735006
McIntosh,Kidder,118.4238831
McIntosh,LaMoure,86.0051753
McIntosh,Logan,66.73468819
McIntosh,McHenry,261.8169326
McIntosh,McIntosh,0
McIntosh,McKenzie,360.4434547
McIntosh,McLean,228.2671863
McIntosh,Mercer,239.2722014
McIntosh,Mortonne,135.2645981
McIntosh,Mountrail,329.5122996
McIntosh,Nelson,216.7993041
McIntosh,Oliver,191.1301186
McIntosh,Pembina,324.8266917
McIntosh,Pierce,246.705858
McIntosh,Ramsey,241.8266761
McIntosh,Ransom,133.1781856
McIntosh,Renville,336.1778929
McIntosh,Richland,180.3383298
McIntosh,Rolette,297.2766557
McIntosh,Sargent,127.9812165
McIntosh,Sheridan,165.7022172
McIntosh,Sioux,135.8780197
McIntosh,Slope,326.2533765
McIntosh,Stark,271.6041923
McIntosh,Steele,191.8907335
McIntosh,Stutsman,74.33487102
McIntosh,Towner,296.3220898
McIntosh,Traill,225.916055
McIntosh,Walsh,274.8769448
McIntosh,Ward,295.1850234
McIntosh,Wells,171.2797486
McIntosh,Williams,405.3656687
McKenzie,Adams,190.4783173
McKenzie,Barnes,457.3880663
McKenzie,Benson,293.0024086
McKenzie,Billings,73.21972209
McKenzie,Bottineau,227.6683874
McKenzie,Bowman,171.172581
McKenzie,Burke,138.9204066
McKenzie,Burleigh,238.0349041
McKenzie,Cass,477.4011938
McKenzie,Cavalier,396.4523272
McKenzie,Dickey,430.8690911
McKenzie,Divide,126.2571054
McKenzie,Dunn,73.43918126
McKenzie,Eddy,342.0833452
McKenzie,Emmons,306.1027662
McKenzie,Foster,341.6786314
McKenzie,GoldenValley,87.53038605
McKenzie,GrandForks,445.8438075
McKenzie,Grant,200.2807446
McKenzie,Griggs,389.8192249
McKenzie,Hettinger,154.2382663
McKenzie,Kidder,278.0727885
McKenzie,LaMoure,412.1312276
McKenzie,Logan,294.1766146
McKenzie,McHenry,202.9974248
McKenzie,McIntosh,360.4434547
McKenzie,McKenzie,0
McKenzie,McLean,156.3177263
McKenzie,Mercer,121.4241057
McKenzie,Mortonne,225.2092002
McKenzie,Mountrail,98.38291717
McKenzie,Nelson,382.4994693
McKenzie,Oliver,171.7753491
McKenzie,Pembina,451.3142394
McKenzie,Pierce,239.6448661
McKenzie,Ramsey,356.472595
McKenzie,Ransom,458.2534912
McKenzie,Renville,183.2752335
McKenzie,Richland,515.4686851
McKenzie,Rolette,288.4624648
McKenzie,Sargent,473.6604538
McKenzie,Sheridan,230.9727499
McKenzie,Sioux,252.094131
McKenzie,Slope,142.2606351
McKenzie,Stark,111.4226369
McKenzie,Steele,428.0433327
McKenzie,Stutsman,369.8745619
McKenzie,Towner,333.5115246
McKenzie,Traill,469.9015963
McKenzie,Walsh,423.2631343
McKenzie,Ward,153.1121023
McKenzie,Wells,276.1751433
McKenzie,Williams,75.96318308
McLean,Adams,188.7212562
McLean,Barnes,302.1401512
McLean,Benson,144.4269981
McLean,Billings,160.1167276
McLean,Bottineau,138.4156409
McLean,Bowman,223.8655694
McLean,Burke,157.6237922
McLean,Burleigh,97.67213898
McLean,Cass,322.0832085
McLean,Cavalier,259.3901115
McLean,Dickey,290.9575858
McLean,Divide,207.4990615
McLean,Dunn,99.08277293
McLean,Eddy,187.1204189
McLean,Emmons,195.2808407
McLean,Foster,185.3810999
McLean,GoldenValley,199.7159196
McLean,GrandForks,292.1262662
McLean,Grant,135.9506188
McLean,Griggs,233.5400524
McLean,Hettinger,149.6849142
McLean,Kidder,126.4665613
McLean,LaMoure,263.8408729
McLean,Logan,163.1350206
McLean,McHenry,79.07983246
McLean,McIntosh,228.2671863
McLean,McKenzie,156.3177263
McLean,McLean,0
McLean,Mercer,62.80111689
McLean,Mortonne,104.7607904
McLean,Mountrail,101.3951722
McLean,Nelson,229.3573572
McLean,Oliver,53.04012789
McLean,Pembina,309.976187
McLean,Pierce,103.1672417
McLean,Ramsey,208.9233663
McLean,Ransom,307.1448955
McLean,Renville,126.1021364
McLean,Richland,364.4952826
McLean,Rolette,168.0232204
McLean,Sargent,326.8869383
McLean,Sheridan,75.946996
McLean,Sioux,167.4870955
McLean,Slope,210.6907884
McLean,Stark,132.2866657
McLean,Steele,271.8197066
McLean,Stutsman,220.6591031
McLean,Towner,203.9016963
McLean,Traill,313.8923008
McLean,Walsh,275.5053126
McLean,Ward,75.6406502
McLean,Wells,120.1960683
McLean,Williams,181.5537391
Mercer,Adams,131.5999186
Mercer,Barnes,342.6223118
Mercer,Benson,204.5873687
Mercer,Billings,102.9527924
Mercer,Bottineau,194.1199883
Mercer,Bowman,161.2471271
Mercer,Burke,178.1302152
Mercer,Burleigh,117.9180585
Mercer,Cass,362.639242
Mercer,Cavalier,321.4464394
Mercer,Dickey,309.4502883
Mercer,Divide,209.7665022
Mercer,Dunn,49.55324834
Mercer,Eddy,240.8762843
Mercer,Emmons,188.6349445
Mercer,Foster,234.1823111
Mercer,GoldenValley,142.9622634
Mercer,GrandForks,346.4561212
Mercer,Grant,96.8756071
Mercer,Griggs,281.8722495
Mercer,Hettinger,90.25434478
Mercer,Kidder,161.6275441
Mercer,LaMoure,292.0705069
Mercer,Logan,172.8355295
Mercer,McHenry,140.0007599
Mercer,McIntosh,239.2722014
Mercer,McKenzie,121.4241057
Mercer,McLean,62.80111689
Mercer,Mercer,0
Mercer,Mortonne,104.0229509
Mercer,Mountrail,113.4024325
Mercer,Nelson,285.0153242
Mercer,Oliver,51.36745359
Mercer,Pembina,370.9618824
Mercer,Pierce,165.9682788
Mercer,Ramsey,268.6221958
Mercer,Ransom,339.2131381
Mercer,Renville,170.8572316
Mercer,Richland,396.1112406
Mercer,Rolette,230.3302198
Mercer,Sargent,352.926904
Mercer,Sheridan,120.9881103
Mercer,Sioux,142.4405691
Mercer,Slope,148.0603527
Mercer,Stark,69.52956824
Mercer,Steele,320.2894928
Mercer,Stutsman,250.466309
Mercer,Towner,266.6922323
Mercer,Traill,363.2469694
Mercer,Walsh,334.4835253
Mercer,Ward,119.7805959
Mercer,Wells,172.9325115
Mercer,Williams,171.232633
Mortonne,Adams,148.4560509
Mortonne,Barnes,254.8204933
Mortonne,Benson,175.7399653
Mortonne,Billings,193.0810622
Mortonne,Bottineau,229.6049067
Mortonne,Bowman,208.8712643
Mortonne,Burke,261.5018259
Mortonne,Burleigh,36.02821315
Mortonne,Cass,274.3376809
Mortonne,Cavalier,293.4311226
Mortonne,Dickey,206.2587442
Mortonne,Divide,305.7989696
Mortonne,Dunn,152.1963326
Mortonne,Eddy,184.6603956
Mortonne,Emmons,90.78774082
Mortonne,Foster,167.1361106
Mortonne,GoldenValley,230.3589554
Mortonne,GrandForks,283.8137823
Mortonne,Grant,72.17325262
Mortonne,Griggs,209.4936871
Mortonne,Hettinger,128.3398287
Mortonne,Kidder,83.60469519
Mortonne,LaMoure,193.8328525
Mortonne,Logan,69.06382763
Mortonne,McHenry,164.8847868
Mortonne,McIntosh,135.2645981
Mortonne,McKenzie,225.2092002
Mortonne,McLean,104.7607904
Mortonne,Mercer,104.0229509
Mortonne,Mortonne,0
Mortonne,Mountrail,201.5406423
Mortonne,Nelson,229.9110303
Mortonne,Oliver,57.86154301
Mortonne,Pembina,332.3622439
Mortonne,Pierce,168.4948458
Mortonne,Ramsey,229.679972
Mortonne,Ransom,242.8334027
Mortonne,Renville,228.0381823
Mortonne,Richland,298.4507889
Mortonne,Rolette,234.4186908
Mortonne,Sargent,252.30103
Mortonne,Sheridan,79.7052368
Mortonne,Sioux,72.3741583
Mortonne,Slope,210.3125638
Mortonne,Stark,143.3859781
Mortonne,Steele,245.8618194
Mortonne,Stutsman,154.9128724
Mortonne,Towner,254.9441873
Mortonne,Traill,288.6291919
Mortonne,Walsh,287.6812742
Mortonne,Ward,179.5356012
Mortonne,Wells,126.1968018
Mortonne,Williams,272.1867096
Mountrail,Adams,234.9603085
Mountrail,Barnes,393.5167607
Mountrail,Benson,209.8074762
Mountrail,Billings,148.2169927
Mountrail,Bottineau,129.4581454
Mountrail,Bowman,241.7814579
Mountrail,Burke,64.86352182
Mountrail,Burleigh,198.9347103
Mountrail,Cass,413.0589814
Mountrail,Cavalier,303.3973316
Mountrail,Dickey,392.0489197
Mountrail,Divide,106.1100427
Mountrail,Dunn,98.95458956
Mountrail,Eddy,265.8137839
Mountrail,Emmons,291.9925081
Mountrail,Foster,271.7110411
Mountrail,GoldenValley,177.6991553
Mountrail,GrandForks,364.7814397
Mountrail,Grant,210.2397283
Mountrail,Griggs,318.3954857
Mountrail,Hettinger,192.5649662
Mountrail,Kidder,225.4556132
Mountrail,LaMoure,362.856665
Mountrail,Logan,263.9111226
Mountrail,McHenry,114.1142357
Mountrail,McIntosh,329.5122996
Mountrail,McKenzie,98.38291717
Mountrail,McLean,101.3951722
Mountrail,Mercer,113.4024325
Mountrail,Mortonne,201.5406423
Mountrail,Mountrail,0
Mountrail,Nelson,301.6472134
Mountrail,Oliver,144.1779246
Mountrail,Pembina,359.4102389
Mountrail,Pierce,152.0627832
Mountrail,Ramsey,270.1664831
Mountrail,Ransom,404.0787907
Mountrail,Renville,85.28190416
Mountrail,Richland,461.1271353
Mountrail,Rolette,192.7618365
Mountrail,Sargent,426.1592652
Mountrail,Sheridan,173.2445372
Mountrail,Sioux,253.7027921
Mountrail,Slope,217.8882129
Mountrail,Stark,155.5063756
Mountrail,Steele,355.2277095
Mountrail,Stutsman,319.6071862
Mountrail,Towner,239.0517633
Mountrail,Traill,394.882627
Mountrail,Walsh,335.7592272
Mountrail,Ward,59.51408202
Mountrail,Wells,205.8938876
Mountrail,Williams,86.07597378
Nelson,Adams,377.3338708
Nelson,Barnes,128.6098476
Nelson,Benson,91.92439283
Nelson,Billings,387.4960433
Nelson,Bottineau,209.6591556
Nelson,Bowman,432.5513669
Nelson,Burke,324.1788714
Nelson,Burleigh,194.2727141
Nelson,Cass,142.1953656
Nelson,Cavalier,94.5663178
Nelson,Dickey,217.6295957
Nelson,Divide,392.1303118
Nelson,Dunn,328.0188716
Nelson,Eddy,45.61132189
Nelson,Emmons,257.914906
Nelson,Foster,66.0680783
Nelson,GoldenValley,427.4926244
Nelson,GrandForks,63.43582952
Nelson,Grant,301.8972036
Nelson,Griggs,53.92229273
Nelson,Hettinger,350.8911495
Nelson,Kidder,147.2868804
Nelson,LaMoure,164.6100896
Nelson,Logan,206.8730607
Nelson,McHenry,188.3020753
Nelson,McIntosh,216.7993041
Nelson,McKenzie,382.4994693
Nelson,McLean,229.3573572
Nelson,Mercer,285.0153242
Nelson,Mortonne,229.9110303
Nelson,Mountrail,301.6472134
Nelson,Nelson,0
Nelson,Oliver,241.7601947
Nelson,Pembina,109.2455334
Nelson,Pierce,150.8118687
Nelson,Ramsey,44.76190444
Nelson,Ransom,170.3141545
Nelson,Renville,251.6373153
Nelson,Richland,212.3425164
Nelson,Rolette,146.0197043
Nelson,Sargent,208.6873936
Nelson,Sheridan,166.0632169
Nelson,Sioux,290.4694068
Nelson,Slope,427.465715
Nelson,Stark,350.6148452
Nelson,Steele,68.94203723
Nelson,Stutsman,145.2230016
Nelson,Towner,114.1648497
Nelson,Traill,97.9444223
Nelson,Walsh,60.14138604
Nelson,Ward,243.3814485
Nelson,Wells,112.4071244
Nelson,Williams,387.0163479
Oliver,Adams,146.1978293
Oliver,Barnes,291.9223457
Oliver,Benson,168.7281677
Oliver,Billings,151.4901181
Oliver,Bottineau,189.3967091
Oliver,Bowman,192.5368304
Oliver,Burke,205.4048017
Oliver,Burleigh,66.58716365
Oliver,Cass,311.9094469
Oliver,Cavalier,288.3745422
Oliver,Dickey,259.6504877
Oliver,Divide,247.9727867
Oliver,Dunn,100.8978597
Oliver,Eddy,196.6092195
Oliver,Emmons,147.8361619
Oliver,Foster,186.8837267
Oliver,GoldenValley,191.0458376
Oliver,GrandForks,301.5251043
Oliver,Grant,84.67075298
Oliver,Griggs,233.8454958
Oliver,Hettinger,112.2207537
Oliver,Kidder,111.0159102
Oliver,LaMoure,240.8119098
Oliver,Logan,124.3960589
Oliver,McHenry,126.890795
Oliver,McIntosh,191.1301186
Oliver,McKenzie,171.7753491
Oliver,McLean,53.04012789
Oliver,Mercer,51.36745359
Oliver,Mortonne,57.86154301
Oliver,Mountrail,144.1779246
Oliver,Nelson,241.7601947
Oliver,Oliver,0
Oliver,Pembina,334.3252329
Oliver,Pierce,142.2665799
Oliver,Ramsey,230.5679536
Oliver,Ransom,287.8469261
Oliver,Renville,179.1190475
Oliver,Richland,344.7644391
Oliver,Rolette,209.7570025
Oliver,Sargent,301.948222
Oliver,Sheridan,75.70115047
Oliver,Sioux,114.6729582
Oliver,Slope,185.7341886
Oliver,Stark,109.2693472
Oliver,Steele,272.0601748
Oliver,Stutsman,199.106441
Oliver,Towner,239.5846514
Oliver,Traill,315.198954
Oliver,Walsh,294.5333447
Oliver,Ward,128.3247687
Oliver,Wells,129.5795839
Oliver,Williams,214.6872763
Pembina,Adams,476.5501824
Pembina,Barnes,205.1027086
Pembina,Benson,166.4973031
Pembina,Billings,469.8148747
Pembina,Bottineau,240.766939
Pembina,Bowman,526.8268897
Pembina,Burke,363.483068
Pembina,Burleigh,296.3341174
Pembina,Cass,210.0825065
Pembina,Cavalier,56.95557601
Pembina,Dickey,316.84299
Pembina,Divide,432.1428025
Pembina,Dunn,408.0114796
Pembina,Eddy,150.1712514
Pembina,Emmons,366.9568574
Pembina,Foster,174.7819308
Pembina,GoldenValley,509.0178063
Pembina,GrandForks,95.42946275
Pembina,Grant,403.104972
Pembina,Griggs,155.8192929
Pembina,Hettinger,446.2787737
Pembina,Kidder,252.4779034
Pembina,LaMoure,264.0946929
Pembina,Logan,315.5170655
Pembina,McHenry,248.3168174
Pembina,McIntosh,324.8266917
Pembina,McKenzie,451.3142394
Pembina,McLean,309.976187
Pembina,Mercer,370.9618824
Pembina,Mortonne,332.3622439
Pembina,Mountrail,359.4102389
Pembina,Nelson,109.2455334
Pembina,Oliver,334.3252329
Pembina,Pembina,0
Pembina,Pierce,212.1814133
Pembina,Ramsey,103.9152074
Pembina,Ransom,256.2129836
Pembina,Renville,289.684386
Pembina,Richland,282.9925452
Pembina,Rolette,169.7925677
Pembina,Sargent,295.7567235
Pembina,Sheridan,260.4868583
Pembina,Sioux,396.7003222
Pembina,Slope,518.1011537
Pembina,Stark,439.6633372
Pembina,Steele,147.3360858
Pembina,Stutsman,251.7358787
Pembina,Towner,122.340544
Pembina,Traill,142.8744272
Pembina,Walsh,49.95615323
Pembina,Ward,300.2427726
Pembina,Wells,207.5710294
Pembina,Williams,439.1754512
Pierce,Adams,287.7892626
Pierce,Barnes,256.1772171
Pierce,Benson,59.23793398
Pierce,Billings,259.69468
Pierce,Bottineau,76.28368938
Pierce,Bowman,326.8939515
Pierce,Burke,174.8963228
Pierce,Burleigh,139.7546797
Pierce,Cass,274.4819663
Pierce,Cavalier,158.7809949
Pierce,Dickey,289.2171678
Pierce,Divide,241.9341231
Pierce,Dunn,197.5250176
Pierce,Eddy,119.9375918
Pierce,Emmons,243.9715346
Pierce,Foster,133.809182
Pierce,GoldenValley,298.2060656
Pierce,GrandForks,213.3756161
Pierce,Grant,224.9130644
Pierce,Griggs,175.513701
Pierce,Hettinger,250.935759
Pierce,Kidder,128.539346
Pierce,LaMoure,247.0804698
Pierce,Logan,196.0762997
Pierce,McHenry,37.9494415
Pierce,McIntosh,246.705858
Pierce,McKenzie,239.6448661
Pierce,McLean,103.1672417
Pierce,Mercer,165.9682788
Pierce,Mortonne,168.4948458
Pierce,Mountrail,152.0627832
Pierce,Nelson,150.8118687
Pierce,Oliver,142.2665799
Pierce,Pembina,212.1814133
Pierce,Pierce,0
Pierce,Ramsey,118.1867443
Pierce,Ransom,278.4146266
Pierce,Renville,105.5808836
Pierce,Richland,332.5611432
Pierce,Rolette,67.60427889
Pierce,Sargent,308.240249
Pierce,Sheridan,91.35324337
Pierce,Sioux,240.7941907
Pierce,Slope,313.7169741
Pierce,Stark,235.4292554
Pierce,Steele,209.6077584
Pierce,Stutsman,206.9385683
Pierce,Towner,100.7897341
Pierce,Traill,246.6389135
Pierce,Walsh,184.3031853
Pierce,Ward,92.98218876
Pierce,Wells,78.78126793
Pierce,Williams,236.6224989
Ramsey,Adams,372.7364912
Ramsey,Barnes,172.8456055
Ramsey,Benson,64.52645952
Ramsey,Billings,369.016778
Ramsey,Bottineau,168.7501855
Ramsey,Bowman,423.1041931
Ramsey,Burke,286.7546911
Ramsey,Burleigh,193.7282793
Ramsey,Cass,186.8759473
Ramsey,Cavalier,66.69191201
Ramsey,Dickey,253.0905041
Ramsey,Divide,355.4047906
Ramsey,Dunn,307.8325914
Ramsey,Eddy,56.66912287
Ramsey,Emmons,272.624352
Ramsey,Foster,85.70996317
Ramsey,GoldenValley,408.6340586
Ramsey,GrandForks,99.00384461
Ramsey,Grant,299.7419816
Ramsey,Griggs,94.28315578
Ramsey,Hettinger,342.4084087
Ramsey,Kidder,152.5072539
Ramsey,LaMoure,200.9995647
Ramsey,Logan,220.0583125
Ramsey,McHenry,156.0912773
Ramsey,McIntosh,241.8266761
Ramsey,McKenzie,356.472595
Ramsey,McLean,208.9233663
Ramsey,Mercer,268.6221958
Ramsey,Mortonne,229.679972
Ramsey,Mountrail,270.1664831
Ramsey,Nelson,44.76190444
Ramsey,Oliver,230.5679536
Ramsey,Pembina,103.9152074
Ramsey,Pierce,118.1867443
Ramsey,Ramsey,0
Ramsey,Ransom,212.2704091
Ramsey,Renville,213.0643173
Ramsey,Richland,256.4137055
Ramsey,Rolette,102.3849069
Ramsey,Sargent,249.7400435
Ramsey,Sheridan,156.5817246
Ramsey,Sioux,296.1385143
Ramsey,Slope,414.9773028
Ramsey,Stark,336.7512666
Ramsey,Steele,113.7016482
Ramsey,Stutsman,175.1585005
Ramsey,Towner,69.67250942
Ramsey,Traill,140.5105924
Ramsey,Walsh,66.93460727
Ramsey,Ward,210.8525134
Ramsey,Wells,103.9866331
Ramsey,Williams,354.0932422
Ransom,Adams,375.7080055
Ransom,Barnes,52.96645808
Ransom,Benson,227.284676
Ransom,Billings,435.4485289
Ransom,Bottineau,352.3569804
Ransom,Bowman,442.8576996
Ransom,Burke,446.2384556
Ransom,Burleigh,221.3385773
Ransom,Cass,58.35246798
Ransom,Cavalier,262.2138284
Ransom,Dickey,77.09848582
Ransom,Divide,507.7120241
Ransom,Dunn,388.7381262
Ransom,Eddy,168.0669543
Ransom,Emmons,205.248512
Ransom,Foster,146.0026716
Ransom,GoldenValley,473.1586676
Ransom,GrandForks,161.4784293
Ransom,Grant,303.3502104
Ransom,Griggs,118.0010708
Ransom,Hettinger,367.1054929
Ransom,Kidder,180.9482498
Ransom,LaMoure,49.97450437
Ransom,Logan,179.5109922
Ransom,McHenry,307.6906632
Ransom,McIntosh,133.1781856
Ransom,McKenzie,458.2534912
Ransom,McLean,307.1448955
Ransom,Mercer,339.2131381
Ransom,Mortonne,242.8334027
Ransom,Mountrail,404.0787907
Ransom,Nelson,170.3141545
Ransom,Oliver,287.8469261
Ransom,Pembina,256.2129836
Ransom,Pierce,278.4146266
Ransom,Ramsey,212.2704091
Ransom,Ransom,0
Ransom,Renville,382.9441953
Ransom,Richland,57.37037333
Ransom,Rolette,302.8907365
Ransom,Sargent,39.58555611
Ransom,Sheridan,231.628863
Ransom,Sioux,265.1715005
Ransom,Slope,449.5635085
Ransom,Stark,386.2103819
Ransom,Steele,109.5713083
Ransom,Stutsman,88.78486423
Ransom,Towner,281.1267531
Ransom,Traill,121.8035833
Ransom,Walsh,210.7201016
Ransom,Ward,355.6625504
Ransom,Wells,203.1881648
Ransom,Williams,487.9940011
Renville,Adams,301.9269247
Renville,Barnes,361.7502276
Renville,Benson,163.0333453
Renville,Billings,230.7791488
Renville,Bottineau,49.32554557
Renville,Bowman,319.7038694
Renville,Burke,74.3181338
Renville,Burleigh,211.700639
Renville,Cass,379.9846925
Renville,Cavalier,232.7366199
Renville,Dickey,387.5024871
Renville,Divide,143.3088851
Renville,Dunn,175.164136
Renville,Eddy,224.9549491
Renville,Emmons,316.3427901
Renville,Foster,239.2790893
Renville,GoldenValley,262.3304209
Renville,GrandForks,311.8302045
Renville,Grant,260.2037593
Renville,Griggs,280.7890416
Renville,Hettinger,259.8005695
Renville,Kidder,219.728038
Renville,LaMoure,349.0158231
Renville,Logan,276.6247664
Renville,McHenry,76.31731453
Renville,McIntosh,336.1778929
Renville,McKenzie,183.2752335
Renville,McLean,126.1021364
Renville,Mercer,170.8572316
Renville,Mortonne,228.0381823
Renville,Mountrail,85.28190416
Renville,Nelson,251.6373153
Renville,Oliver,179.1190475
Renville,Pembina,289.684386
Renville,Pierce,105.5808836
Renville,Ramsey,213.0643173
Renville,Ransom,382.9441953
Renville,Renville,0
Renville,Richland,437.713326
Renville,Rolette,119.9207765
Renville,Sargent,411.2755816
Renville,Sheridan,170.5090353
Renville,Sioux,293.5284592
Renville,Slope,298.2221271
Renville,Stark,228.8016647
Renville,Steele,313.9337016
Renville,Stutsman,307.3394732
Renville,Towner,167.3473276
Renville,Traill,349.1839436
Renville,Walsh,273.97012
Renville,Ward,51.71381026
Renville,Wells,180.3600652
Renville,Williams,151.6114722
Richland,Adams,427.0607953
Richland,Barnes,83.77110381
Richland,Benson,279.2481205
Richland,Billings,491.4343673
Richland,Bottineau,405.2256342
Richland,Bowman,494.940708
Richland,Burke,502.2740067
Richland,Burleigh,278.1934823
Richland,Cass,73.39467641
Richland,Cavalier,298.7189826
Richland,Dickey,111.3203146
Richland,Divide,564.3933304
Richland,Dunn,445.6587783
Richland,Eddy,218.1580666
Richland,Emmons,253.3742794
Richland,Foster,198.9503331
Richland,GoldenValley,528.757174
Richland,GrandForks,188.1842478
Richland,Grant,356.4945323
Richland,Griggs,164.2662179
Richland,Hettinger,420.8694374
Richland,Kidder,238.3177627
Richland,LaMoure,104.6315991
Richland,Logan,233.2942019
Richland,McHenry,363.0802891
Richland,McIntosh,180.3383298
Richland,McKenzie,515.4686851
Richland,McLean,364.4952826
Richland,Mercer,396.1112406
Richland,Mortonne,298.4507889
Richland,Mountrail,461.1271353
Richland,Nelson,212.3425164
Richland,Oliver,344.7644391
Richland,Pembina,282.9925452
Richland,Pierce,332.5611432
Richland,Ramsey,256.4137055
Richland,Ransom,57.37037333
Richland,Renville,437.713326
Richland,Richland,0
Richland,Rolette,352.0970359
Richland,Sargent,54.13206193
Richland,Sheridan,288.9190609
Richland,Sioux,315.5712134
Richland,Slope,503.05086
Richland,Stark,441.6230377
Richland,Steele,145.0487701
Richland,Stutsman,145.6871134
Richland,Towner,326.0760803
Richland,Traill,140.4097442
Richland,Walsh,242.5139707
Richland,Ward,412.0007071
Richland,Wells,258.9214535
Richland,Williams,545.2384008
Rolette,Adams,354.858382
Rolette,Barnes,270.066964
Rolette,Benson,79.89476804
Rolette,Billings,318.5916988
Rolette,Bottineau,71.34375397
Rolette,Bowman,391.5633061
Rolette,Burke,193.9316357
Rolette,Burleigh,203.6222624
Rolette,Cass,285.8425526
Rolette,Cavalier,112.8675997
Rolette,Dickey,328.5801065
Rolette,Divide,262.7876025
Rolette,Dunn,256.7701461
Rolette,Eddy,134.8237902
Rolette,Emmons,304.6645005
Rolette,Foster,158.9618104
Rolette,GoldenValley,355.6312797
Rolette,GrandForks,200.059293
Rolette,Grant,292.4899741
Rolette,Griggs,187.9201131
Rolette,Hettinger,317.2665605
Rolette,Kidder,183.2655335
Rolette,LaMoure,280.8499842
Rolette,Logan,254.3198302
Rolette,McHenry,91.35261693
Rolette,McIntosh,297.2766557
Rolette,McKenzie,288.4624648
Rolette,McLean,168.0232204
Rolette,Mercer,230.3302198
Rolette,Mortonne,234.4186908
Rolette,Mountrail,192.7618365
Rolette,Nelson,146.0197043
Rolette,Oliver,209.7570025
Rolette,Pembina,169.7925677
Rolette,Pierce,67.60427889
Rolette,Ramsey,102.3849069
Rolette,Ransom,302.8907365
Rolette,Renville,119.9207765
Rolette,Richland,352.0970359
Rolette,Rolette,0
Rolette,Sargent,337.3558474
Rolette,Sheridan,155.4456825
Rolette,Sioux,306.7806095
Rolette,Slope,376.6761821
Rolette,Stark,299.1871818
Rolette,Steele,214.0198059
Rolette,Stutsman,245.5594381
Rolette,Towner,47.46029075
Rolette,Traill,242.8933398
Rolette,Walsh,156.4805224
Rolette,Ward,135.3503741
Rolette,Wells,126.6102468
Rolette,Williams,269.8639457
Sargent,Adams,375.5502424
Sargent,Barnes,91.62529344
Sargent,Benson,260.0287152
Sargent,Billings,445.1690065
Sargent,Bottineau,383.4081077
Sargent,Bowman,443.8051732
Sargent,Burke,471.7781454
Sargent,Burleigh,235.6543724
Sargent,Cass,93.22351715
Sargent,Cavalier,301.3053319
Sargent,Dickey,57.20933854
Sargent,Divide,531.1306301
Sargent,Dunn,402.3698011
Sargent,Eddy,202.9520284
Sargent,Emmons,200.7907447
Sargent,Foster,178.7824073
Sargent,GoldenValley,481.6169571
Sargent,GrandForks,200.8857208
Sargent,Grant,306.6263372
Sargent,Griggs,155.5949351
Sargent,Hettinger,371.4131659
Sargent,Kidder,200.7696813
Sargent,LaMoure,63.3382648
Sargent,Logan,185.0138199
Sargent,McHenry,335.2575234
Sargent,McIntosh,127.9812165
Sargent,McKenzie,473.6604538
Sargent,McLean,326.8869383
Sargent,Mercer,352.926904
Sargent,Mortonne,252.30103
Sargent,Mountrail,426.1592652
Sargent,Nelson,208.6873936
Sargent,Oliver,301.948222
Sargent,Pembina,295.7567235
Sargent,Pierce,308.240249
Sargent,Ramsey,249.7400435
Sargent,Ransom,39.58555611
Sargent,Renville,411.2755816
Sargent,Richland,54.13206193
Sargent,Rolette,337.3558474
Sargent,Sargent,0
Sargent,Sheridan,252.9213981
Sargent,Sioux,263.8103547
Sargent,Slope,453.1089403
Sargent,Stark,394.3725441
Sargent,Steele,149.1381035
Sargent,Stutsman,106.558309
Sargent,Towner,317.9498817
Sargent,Traill,159.8218698
Sargent,Walsh,250.2796732
Sargent,Ward,380.7179886
Sargent,Wells,230.931978
Sargent,Williams,508.4402383
Sheridan,Adams,216.2930729
Sheridan,Barnes,226.5243388
Sheridan,Benson,97.82711037
Sheridan,Billings,223.919099
Sheridan,Bottineau,160.0840039
Sheridan,Bowman,267.436673
Sheridan,Burke,221.4723894
Sheridan,Burleigh,48.45466953
Sheridan,Cass,246.5129692
Sheridan,Cavalier,217.3366396
Sheridan,Dickey,220.9971149
Sheridan,Divide,278.3980329
Sheridan,Dunn,167.4300908
Sheridan,Eddy,120.9985711
Sheridan,Emmons,153.1787415
Sheridan,Foster,113.2652837
Sheridan,GoldenValley,263.9010239
Sheridan,GrandForks,226.2103544
Sheridan,Grant,144.8434352
Sheridan,Griggs,161.1543946
Sheridan,Hettinger,186.2085822
Sheridan,Kidder,52.4150561
Sheridan,LaMoure,189.6124316
Sheridan,Logan,107.705777
Sheridan,McHenry,97.28295684
Sheridan,McIntosh,165.7022172
Sheridan,McKenzie,230.9727499
Sheridan,McLean,75.946996
Sheridan,Mercer,120.9881103
Sheridan,Mortonne,79.7052368
Sheridan,Mountrail,173.2445372
Sheridan,Nelson,166.0632169
Sheridan,Oliver,75.70115047
Sheridan,Pembina,260.4868583
Sheridan,Pierce,91.35324337
Sheridan,Ramsey,156.5817246
Sheridan,Ransom,231.628863
Sheridan,Renville,170.5090353
Sheridan,Richland,288.9190609
Sheridan,Rolette,155.4456825
Sheridan,Sargent,252.9213981
Sheridan,Sheridan,0
Sheridan,Sioux,151.7522764
Sheridan,Slope,261.4295615
Sheridan,Stark,184.6815571
Sheridan,Steele,199.613519
Sheridan,Stutsman,146.3651517
Sheridan,Towner,175.4835941
Sheridan,Traill,242.4323127
Sheridan,Walsh,219.3352129
Sheridan,Ward,130.86664
Sheridan,Wells,53.96926045
Sheridan,Williams,256.3918059
Sioux,Adams,111.7693375
Sioux,Barnes,289.7236379
Sioux,Benson,245.978448
Sioux,Billings,200.5880816
Sioux,Bottineau,299.7185351
Sioux,Bowman,180.2487726
Sioux,Burke,317.2464583
Sioux,Burleigh,105.1077429
Sioux,Cass,307.7115406
Sioux,Cavalier,361.4172999
Sioux,Dickey,209.5635198
Sioux,Divide,352.172613
Sioux,Dunn,180.5974074
Sioux,Eddy,246.7573281
Sioux,Emmons,64.31587867
Sioux,Foster,224.9668166
Sioux,GoldenValley,230.8420712
Sioux,GrandForks,338.6007696
Sioux,Grant,52.48739534
Sioux,Griggs,261.2333775
Sioux,Hettinger,114.124663
Sioux,Kidder,144.2356334
Sioux,LaMoure,215.4790959
Sioux,Logan,90.93511553
Sioux,McHenry,235.2704033
Sioux,McIntosh,135.8780197
Sioux,McKenzie,252.094131
Sioux,McLean,167.4870955
Sioux,Mercer,142.4405691
Sioux,Mortonne,72.3741583
Sioux,Mountrail,253.7027921
Sioux,Nelson,290.4694068
Sioux,Oliver,114.6729582
Sioux,Pembina,396.7003222
Sioux,Pierce,240.7941907
Sioux,Ramsey,296.1385143
Sioux,Ransom,265.1715005
Sioux,Renville,293.5284592
Sioux,Richland,315.5712134
Sioux,Rolette,306.7806095
Sioux,Sargent,263.8103547
Sioux,Sheridan,151.7522764
Sioux,Sioux,0
Sioux,Slope,191.9877991
Sioux,Stark,147.9837713
Sioux,Steele,294.218033
Sioux,Stutsman,185.8303691
Sioux,Towner,326.2332295
Sioux,Traill,335.0941642
Sioux,Walsh,349.9536859
Sioux,Ward,242.9820206
Sioux,Wells,194.8048897
Sioux,Williams,312.1020336
Slope,Adams,85.02436986
Slope,Barnes,465.0193032
Slope,Benson,351.6140453
Slope,Billings,71.34328981
Slope,Bottineau,332.2730908
Slope,Bowman,30.4531519
Slope,Burke,273.9001096
Slope,Burleigh,240.5776857
Slope,Cass,484.4241692
Slope,Cavalier,469.3781147
Slope,Dickey,400.5304111
Slope,Divide,268.390171
Slope,Dunn,123.581813
Slope,Eddy,382.2091588
Slope,Emmons,256.2549675
Slope,Foster,370.8168672
Slope,GoldenValley,63.8033238
Slope,GrandForks,486.6592822
Slope,Grant,146.5772247
Slope,Griggs,416.3940617
Slope,Hettinger,82.55104148
Slope,Kidder,290.043636
Slope,LaMoure,399.6877993
Slope,Logan,270.0863937
Slope,McHenry,285.4210984
Slope,McIntosh,326.2533765
Slope,McKenzie,142.2606351
Slope,McLean,210.6907884
Slope,Mercer,148.0603527
Slope,Mortonne,210.3125638
Slope,Mountrail,217.8882129
Slope,Nelson,427.465715
Slope,Oliver,185.7341886
Slope,Pembina,518.1011537
Slope,Pierce,313.7169741
Slope,Ramsey,414.9773028
Slope,Ransom,449.5635085
Slope,Renville,298.2221271
Slope,Richland,503.05086
Slope,Rolette,376.6761821
Slope,Sargent,453.1089403
Slope,Sheridan,261.4295615
Slope,Sioux,191.9877991
Slope,Slope,0
Slope,Stark,78.61726487
Slope,Steele,453.9093814
Slope,Stutsman,363.641168
Slope,Towner,414.5061828
Slope,Traill,497.0258942
Slope,Walsh,479.8577031
Slope,Ward,253.130978
Slope,Wells,315.3028111
Slope,Williams,217.923752
Stark,Adams,82.16657976
Stark,Barnes,396.4862886
Stark,Benson,273.1665772
Stark,Billings,52.79549251
Stark,Bottineau,258.4893285
Stark,Bowman,92.93230853
Stark,Burke,217.7544484
Stark,Burleigh,169.1919866
Stark,Cass,416.2574559
Stark,Cavalier,390.7611159
Stark,Dickey,345.3599474
Stark,Divide,229.6954394
Stark,Dunn,56.68680683
Stark,Eddy,305.6792747
Stark,Emmons,208.1021531
Stark,Foster,295.9920117
Stark,GoldenValley,87.24658241
Stark,GrandForks,410.766966
Stark,Grant,95.65800847
Stark,Griggs,342.579966
Stark,Hettinger,42.93060446
Stark,Kidder,217.6095307
Stark,LaMoure,337.0734351
Stark,Logan,209.37838
Stark,McHenry,208.2523721
Stark,McIntosh,271.6041923
Stark,McKenzie,111.4226369
Stark,McLean,132.2866657
Stark,Mercer,69.52956824
Stark,Mortonne,143.3859781
Stark,Mountrail,155.5063756
Stark,Nelson,350.6148452
Stark,Oliver,109.2693472
Stark,Pembina,439.6633372
Stark,Pierce,235.4292554
Stark,Ramsey,336.7512666
Stark,Ransom,386.2103819
Stark,Renville,228.8016647
Stark,Richland,441.6230377
Stark,Rolette,299.1871818
Stark,Sargent,394.3725441
Stark,Sheridan,184.6815571
Stark,Sioux,147.9837713
Stark,Slope,78.61726487
Stark,Stark,0
Stark,Steele,380.5967686
Stark,Stutsman,298.2071974
Stark,Towner,336.1868449
Stark,Traill,423.7787322
Stark,Walsh,401.9942562
Stark,Ward,180.5736728
Stark,Wells,238.2234384
Stark,Williams,182.3686047
Steele,Adams,393.5146935
Steele,Barnes,61.65558657
Steele,Benson,150.942749
Steele,Billings,422.962815
Steele,Bottineau,274.7713854
Steele,Bowman,454.5642933
Steele,Burke,384.5006712
Steele,Burleigh,213.4435394
Steele,Cass,73.46371618
Steele,Cavalier,154.3128996
Steele,Dickey,170.9876972
Steele,Divide,451.1096103
Steele,Dunn,367.0013169
Steele,Eddy,89.98504932
Steele,Emmons,248.7745626
Steele,Foster,86.57593745
Steele,GoldenValley,462.800887
Steele,GrandForks,55.22391348
Steele,Grant,316.91435
Steele,Griggs,38.46193918
Steele,Hettinger,373.3688093
Steele,Kidder,163.8799286
Steele,LaMoure,119.3967394
Steele,Logan,203.9597535
Steele,McHenry,245.289977
Steele,McIntosh,191.8907335
Steele,McKenzie,428.0433327
Steele,McLean,271.8197066
Steele,Mercer,320.2894928
Steele,Mortonne,245.8618194
Steele,Mountrail,355.2277095
Steele,Nelson,68.94203723
Steele,Oliver,272.0601748
Steele,Pembina,147.3360858
Steele,Pierce,209.6077584
Steele,Ramsey,113.7016482
Steele,Ransom,109.5713083
Steele,Renville,313.9337016
Steele,Richland,145.0487701
Steele,Rolette,214.0198059
Steele,Sargent,149.1381035
Steele,Sheridan,199.613519
Steele,Sioux,294.218033
Steele,Slope,453.9093814
Steele,Stark,380.5967686
Steele,Steele,0
Steele,Stutsman,118.0921585
Steele,Towner,182.9933658
Steele,Traill,43.18386941
Steele,Walsh,101.150247
Steele,Ward,299.2473327
Steele,Wells,151.9645972
Steele,Williams,441.2981367
Stutsman,Adams,293.1672791
Stutsman,Barnes,103.9202112
Stutsman,Benson,165.7337638
Stutsman,Billings,346.9374863
Stutsman,Bottineau,283.1213868
Stutsman,Bowman,358.8397167
Stutsman,Burke,365.8216212
Stutsman,Burleigh,132.5671467
Stutsman,Cass,122.2517963
Stutsman,Cavalier,237.9741266
Stutsman,Dickey,83.18256019
Stutsman,Divide,424.6083366
Stutsman,Dunn,300.0042124
Stutsman,Eddy,119.6370405
Stutsman,Emmons,133.2113284
Stutsman,Foster,90.74929285
Stutsman,GoldenValley,384.9163304
Stutsman,GrandForks,170.7251017
Stutsman,Grant,218.630477
Stutsman,Griggs,96.23296414
Stutsman,Hettinger,281.0983963
Stutsman,Kidder,94.30049029
Stutsman,LaMoure,43.25646581
Stutsman,Logan,95.76877135
Stutsman,McHenry,231.0318825
Stutsman,McIntosh,74.33487102
Stutsman,McKenzie,369.8745619
Stutsman,McLean,220.6591031
Stutsman,Mercer,250.466309
Stutsman,Mortonne,154.9128724
Stutsman,Mountrail,319.6071862
Stutsman,Nelson,145.2230016
Stutsman,Oliver,199.106441
Stutsman,Pembina,251.7358787
Stutsman,Pierce,206.9385683
Stutsman,Ramsey,175.1585005
Stutsman,Ransom,88.78486423
Stutsman,Renville,307.3394732
Stutsman,Richland,145.6871134
Stutsman,Rolette,245.5594381
Stutsman,Sargent,106.558309
Stutsman,Sheridan,146.3651517
Stutsman,Sioux,185.8303691
Stutsman,Slope,363.641168
Stutsman,Stark,298.2071974
Stutsman,Steele,118.0921585
Stutsman,Stutsman,0
Stutsman,Towner,236.0228765
Stutsman,Traill,154.2755463
Stutsman,Walsh,201.8129292
Stutsman,Ward,274.7076784
Stutsman,Wells,128.2411378
Stutsman,Williams,402.1553345
Towner,Adams,385.7811927
Towner,Barnes,242.5163386
Towner,Benson,81.59475234
Towner,Billings,359.5581099
Towner,Bottineau,118.5361666
Towner,Bowman,427.3751139
Towner,Burke,241.2415482
Towner,Burleigh,221.1555944
Towner,Cass,256.3515351
Towner,Cavalier,65.40753629
Towner,Dickey,317.0401833
Towner,Divide,310.0138838
Towner,Dunn,297.3998666
Towner,Eddy,117.332947
Towner,Emmons,314.9081993
Towner,Foster,145.4498849
Towner,GoldenValley,397.5051749
Towner,GrandForks,160.3797547
Towner,Grant,318.8068403
Towner,Griggs,163.2386376
Towner,Hettinger,350.3582368
Towner,Kidder,191.0167541
Towner,LaMoure,266.2903494
Towner,Logan,262.6871641
Towner,McHenry,132.3852123
Towner,McIntosh,296.3220898
Towner,McKenzie,333.5115246
Towner,McLean,203.9016963
Towner,Mercer,266.6922323
Towner,Mortonne,254.9441873
Towner,Mountrail,239.0517633
Towner,Nelson,114.1648497
Towner,Oliver,239.5846514
Towner,Pembina,122.340544
Towner,Pierce,100.7897341
Towner,Ramsey,69.67250942
Towner,Ransom,281.1267531
Towner,Renville,167.3473276
Towner,Richland,326.0760803
Towner,Rolette,47.46029075
Towner,Sargent,317.9498817
Towner,Sheridan,175.4835941
Towner,Sioux,326.2332295
Towner,Slope,414.5061828
Towner,Stark,336.1868449
Towner,Steele,182.9933658
Towner,Stutsman,236.0228765
Towner,Towner,0
Towner,Traill,206.4462265
Towner,Walsh,112.2679257
Towner,Ward,180.7237831
Towner,Wells,134.0815058
Towner,Williams,317.1943627
Traill,Adams,435.919939
Traill,Barnes,68.90564303
Traill,Benson,187.4169114
Traill,Billings,465.9932744
Traill,Bottineau,307.6021194
Traill,Bowman,497.4376168
Traill,Burke,421.1270495
Traill,Burleigh,256.506609
Traill,Cass,68.60513598
Traill,Cavalier,165.3937086
Traill,Dickey,193.5207041
Traill,Divide,488.5668787
Traill,Dunn,409.7073423
Traill,Eddy,129.1346272
Traill,Emmons,287.0575125
Traill,Foster,129.1951264
Traill,GoldenValley,505.859571
Traill,GrandForks,50.10237091
Traill,Grant,359.3691471
Traill,Griggs,81.40362273
Traill,Hettinger,416.3495637
Traill,Kidder,206.9825182
Traill,LaMoure,146.1801641
Traill,Logan,244.3628525
Traill,McHenry,283.3113757
Traill,McIntosh,225.916055
Traill,McKenzie,469.9015963
Traill,McLean,313.8923008
Traill,Mercer,363.2469694
Traill,Mortonne,288.6291919
Traill,Mountrail,394.882627
Traill,Nelson,97.9444223
Traill,Oliver,315.198954
Traill,Pembina,142.8744272
Traill,Pierce,246.6389135
Traill,Ramsey,140.5105924
Traill,Ransom,121.8035833
Traill,Renville,349.1839436
Traill,Richland,140.4097442
Traill,Rolette,242.8933398
Traill,Sargent,159.8218698
Traill,Sheridan,242.4323127
Traill,Sioux,335.0941642
Traill,Slope,497.0258942
Traill,Stark,423.7787322
Traill,Steele,43.18386941
Traill,Stutsman,154.2755463
Traill,Towner,206.4462265
Traill,Traill,0
Traill,Walsh,106.1570927
Traill,Ward,337.9162418
Traill,Wells,193.7475742
Traill,Williams,480.8383478
Walsh,Adams,433.8462675
Walsh,Barnes,161.4317668
Walsh,Benson,131.3202695
Walsh,Billings,435.488818
Walsh,Bottineau,227.0726311
Walsh,Bowman,486.7654649
Walsh,Burke,348.2503537
Walsh,Burleigh,251.7545642
Walsh,Cass,169.1279642
Walsh,Cavalier,59.87975405
Walsh,Dickey,268.2648354
Walsh,Divide,417.2201167
Walsh,Dunn,374.5199037
Walsh,Eddy,103.3779278
Walsh,Emmons,318.0161634
Walsh,Foster,126.1741639
Walsh,GoldenValley,475.2014268
Walsh,GrandForks,56.0602943
Walsh,Grant,359.2266626
Walsh,Griggs,106.0535873
Walsh,Hettinger,405.4954084
Walsh,Kidder,206.1316975
Walsh,LaMoure,215.2867589
Walsh,Logan,267.0082289
Walsh,McHenry,222.0004815
Walsh,McIntosh,274.8769448
Walsh,McKenzie,423.2631343
Walsh,McLean,275.5053126
Walsh,Mercer,334.4835253
Walsh,Mortonne,287.6812742
Walsh,Mountrail,335.7592272
Walsh,Nelson,60.14138604
Walsh,Oliver,294.5333447
Walsh,Pembina,49.95615323
Walsh,Pierce,184.3031853
Walsh,Ramsey,66.93460727
Walsh,Ransom,210.7201016
Walsh,Renville,273.97012
Walsh,Richland,242.5139707
Walsh,Rolette,156.4805224
Walsh,Sargent,250.2796732
Walsh,Sheridan,219.3352129
Walsh,Sioux,349.9536859
Walsh,Slope,479.8577031
Walsh,Stark,401.9942562
Walsh,Steele,101.150247
Walsh,Stutsman,201.8129292
Walsh,Towner,112.2679257
Walsh,Traill,106.1570927
Walsh,Walsh,0
Walsh,Ward,276.2738027
Walsh,Wells,165.4854439
Walsh,Williams,418.7387881
Ward,Adams,251.256623
Ward,Barnes,340.7949602
Ward,Benson,151.4630022
Ward,Billings,188.8440991
Ward,Bottineau,79.38169537
Ward,Bowman,272.7577868
Ward,Burke,91.11486209
Ward,Burleigh,166.9154192
Ward,Cass,359.9642095
Ward,Cavalier,244.5064215
Ward,Dickey,351.6854621
Ward,Divide,153.0432842
Ward,Dunn,129.6058873
Ward,Eddy,209.3431458
Ward,Emmons,269.2567682
Ward,Foster,217.848309
Ward,GoldenValley,223.600649
Ward,GrandForks,306.2359584
Ward,Grant,208.5596731
Ward,Griggs,263.2725218
Ward,Hettinger,209.4229902
Ward,Kidder,182.6911548
Ward,LaMoure,317.5378511
Ward,Logan,232.8145722
Ward,McHenry,55.1273944
Ward,McIntosh,295.1850234
Ward,McKenzie,153.1121023
Ward,McLean,75.6406502
Ward,Mercer,119.7805959
Ward,Mortonne,179.5356012
Ward,Mountrail,59.51408202
Ward,Nelson,243.3814485
Ward,Oliver,128.3247687
Ward,Pembina,300.2427726
Ward,Pierce,92.98218876
Ward,Ramsey,210.8525134
Ward,Ransom,355.6625504
Ward,Renville,51.71381026
Ward,Richland,412.0007071
Ward,Rolette,135.3503741
Ward,Sargent,380.7179886
Ward,Sheridan,130.86664
Ward,Sioux,242.9820206
Ward,Slope,253.130978
Ward,Stark,180.5736728
Ward,Steele,299.2473327
Ward,Stutsman,274.7076784
Ward,Towner,180.7237831
Ward,Traill,337.9162418
Ward,Walsh,276.2738027
Ward,Ward,0
Ward,Wells,153.5109624
Ward,Williams,143.6863518
Wells,Adams,269.0344171
Wells,Barnes,187.7602314
Wells,Benson,52.48838178
Wells,Billings,275.7119548
Wells,Bottineau,155.0539377
Wells,Bowman,321.3553132
Wells,Burke,243.3698823
Wells,Burleigh,90.52992143
Wells,Cass,207.2066205
Wells,Cavalier,167.2606891
Wells,Dickey,210.4460472
Wells,Divide,306.4639885
Wells,Dunn,217.2717358
Wells,Eddy,67.95285401
Wells,Emmons,181.0581527
Wells,Foster,66.21656651
Wells,GoldenValley,315.7419612
Wells,GrandForks,173.547681
Wells,Grant,195.7590465
Wells,Griggs,113.9687279
Wells,Hettinger,240.0129269
Wells,Kidder,57.45356317
Wells,LaMoure,168.9669222
Wells,Logan,129.2622426
Wells,McHenry,104.5779018
Wells,McIntosh,171.2797486
Wells,McKenzie,276.1751433
Wells,McLean,120.1960683
Wells,Mercer,172.9325115
Wells,Mortonne,126.1968018
Wells,Mountrail,205.8938876
Wells,Nelson,112.4071244
Wells,Oliver,129.5795839
Wells,Pembina,207.5710294
Wells,Pierce,78.78126793
Wells,Ramsey,103.9866331
Wells,Ransom,203.1881648
Wells,Renville,180.3600652
Wells,Richland,258.9214535
Wells,Rolette,126.6102468
Wells,Sargent,230.931978
Wells,Sheridan,53.96926045
Wells,Sioux,194.8048897
Wells,Slope,315.3028111
Wells,Stark,238.2234384
Wells,Steele,151.9645972
Wells,Stutsman,128.2411378
Wells,Towner,134.0815058
Wells,Traill,193.7475742
Wells,Walsh,165.4854439
Wells,Ward,153.5109624
Wells,Wells,0
Wells,Williams,291.7156272
Williams,Adams,263.6933139
Williams,Barnes,479.1114304
Williams,Benson,295.0927184
Williams,Billings,149.1009889
Williams,Bottineau,200.7889605
Williams,Bowman,247.0731487
Williams,Burke,85.18952175
Williams,Burleigh,276.2844737
Williams,Cass,498.7366835
Williams,Cavalier,382.4601355
Williams,Dickey,471.3875005
Williams,Divide,50.51618516
Williams,Dunn,133.1381723
Williams,Eddy,351.8221296
Williams,Emmons,359.6297219
Williams,Foster,357.6661121
Williams,GoldenValley,160.1685273
Williams,GrandForks,449.9220403
Williams,Grant,262.5885621
Williams,Griggs,404.4574908
Williams,Hettinger,225.1091436
Williams,Kidder,307.881678
Williams,LaMoure,445.3650485
Williams,Logan,338.7453658
Williams,McHenry,198.8135703
Williams,McIntosh,405.3656687
Williams,McKenzie,75.96318308
Williams,McLean,181.5537391
Williams,Mercer,171.232633
Williams,Mortonne,272.1867096
Williams,Mountrail,86.07597378
Williams,Nelson,387.0163479
Williams,Oliver,214.6872763
Williams,Pembina,439.1754512
Williams,Pierce,236.6224989
Williams,Ramsey,354.0932422
Williams,Ransom,487.9940011
Williams,Renville,151.6114722
Williams,Richland,545.2384008
Williams,Rolette,269.8639457
Williams,Sargent,508.4402383
Williams,Sheridan,256.3918059
Williams,Sioux,312.1020336
Williams,Slope,217.923752
Williams,Stark,182.3686047
Williams,Steele,441.2981367
Williams,Stutsman,402.1553345
Williams,Towner,317.1943627
Williams,Traill,480.8383478
Williams,Walsh,418.7387881
Williams,Ward,143.6863518
Williams,Wells,291.7156272
Williams,Williams,0
